Frequency [Hz]	 X-Axis [%]	Y-Axis [%]	Z-Axis [%]	Total [%]
0	0.3917	0.2372	0.1929	0.4969
1	0.0646	0.0691	0.0179	0.0963
2	0.1286	0.1382	0.0363	0.1923
3	0.1916	0.2043	0.0561	0.2857
4	0.2637	0.2763	0.0796	0.3901
5	0.3270	0.3367	0.1022	0.4804
6	0.3748	0.4253	0.0763	0.5720
7	0.4841	0.4758	0.1792	0.7020
8	0.4573	0.4833	0.1367	0.6792
9	0.4992	0.4846	0.1537	0.7125
10	0.4700	0.5533	0.1027	0.7332
11	0.5098	0.5821	0.1388	0.7861
12	0.5503	0.5944	0.1726	0.8282
13	0.5040	0.5673	0.1143	0.7674
14	0.4944	0.5434	0.1057	0.7422
15	0.4952	0.5566	0.1303	0.7563
16	0.5038	0.5653	0.1380	0.7697
17	0.4980	0.5541	0.1150	0.7538
18	0.5106	0.5662	0.1104	0.7704
19	0.5206	0.5594	0.1435	0.7776
20	0.4933	0.5414	0.0859	0.7375
21	0.4882	0.5483	0.0921	0.7399
22	0.5232	0.5462	0.1399	0.7691
23	0.4536	0.5123	0.0622	0.6871
24	0.5057	0.5459	0.1130	0.7527
25	0.4961	0.5628	0.1426	0.7637
26	0.4791	0.5166	0.0700	0.7080
27	0.5511	0.5658	0.1461	0.8033
28	0.5014	0.5410	0.1483	0.7524
29	0.5113	0.5526	0.1135	0.7613
30	0.5072	0.5497	0.1102	0.7561
31	0.5234	0.5520	0.1499	0.7753
32	0.5619	0.5748	0.1639	0.8204
33	0.5419	0.5670	0.1132	0.7924
34	0.5157	0.5747	0.1645	0.7895
35	0.4718	0.5400	0.1135	0.7260
36	0.5248	0.5843	0.1606	0.8017
37	0.5448	0.5376	0.1891	0.7885
38	0.4573	0.5137	0.0299	0.6884
39	0.5479	0.5913	0.1818	0.8264
40	0.4960	0.5671	0.1466	0.7675
41	0.4495	0.5126	0.0717	0.6855
42	0.5118	0.5547	0.1579	0.7711
43	0.5631	0.4708	0.0880	0.7393
44	0.5713	0.5242	0.1535	0.7904
45	0.5326	0.5311	0.1096	0.7601
46	0.5381	0.4972	0.1077	0.7405
47	0.5779	0.5541	0.1436	0.8134
48	0.5435	0.5196	0.1110	0.7601
49	0.5685	0.5145	0.0965	0.7728
50	0.5285	0.5354	0.1009	0.7591
51	0.6108	0.5913	0.1872	0.8705
52	0.5964	0.5771	0.1519	0.8437
53	0.5752	0.6433	0.2003	0.8859
54	0.5034	0.5856	0.1177	0.7811
55	0.5623	0.5514	0.1967	0.8117
56	0.5813	0.5234	0.1088	0.7897
57	0.6115	0.5266	0.1347	0.8181
58	0.5693	0.5770	0.1166	0.8189
59	0.5204	0.4839	0.0604	0.7132
60	0.5907	0.4961	0.0740	0.7750
61	0.5486	0.5399	0.0810	0.7739
62	0.5741	0.4882	0.1134	0.7621
63	0.6077	0.5508	0.0600	0.8224
64	0.5839	0.5622	0.0998	0.8167
65	0.6373	0.5297	0.0688	0.8315
66	0.6579	0.5836	0.1475	0.8917
67	0.6125	0.4782	0.0261	0.7775
68	0.6686	0.5928	0.1414	0.9047
69	0.7137	0.5084	0.0746	0.8795
70	0.6626	0.5942	0.1161	0.8975
71	0.7181	0.6032	0.1262	0.9463
72	0.6313	0.5491	0.0240	0.8370
73	0.7405	0.5766	0.1212	0.9463
74	0.7300	0.6246	0.1475	0.9720
75	0.7699	0.5878	0.1068	0.9745
76	0.7813	0.5882	0.1882	0.9959
77	0.8098	0.6595	0.1735	1.0587
78	0.8719	0.5486	0.1375	1.0393
79	0.9358	0.6215	0.1483	1.1332
80	0.9755	0.6328	0.1430	1.1715
81	1.0288	0.7349	0.1750	1.2764
82	1.1620	0.7803	0.2049	1.4146
83	1.3743	0.9637	0.3275	1.7102
84	1.5047	1.0535	0.3829	1.8764
85	1.8371	1.3422	0.5366	2.3376
86	2.0539	1.6016	0.6767	2.6910
87	2.2803	1.7286	0.7387	2.9552
88	2.4322	2.0683	0.9573	3.3332
89	2.4955	2.1549	0.9763	3.4386
90	2.6316	2.3505	1.1196	3.7019
91	2.8666	2.5355	1.2367	4.0219
92	3.1629	2.6969	1.4293	4.3954
93	3.2798	2.6374	1.4713	4.4584
94	3.3064	2.3375	1.4127	4.2886
95	3.1702	1.8699	1.2250	3.8791
96	3.0222	1.3072	0.9231	3.4197
97	2.9567	1.4180	0.8129	3.3784
98	3.0633	2.1256	1.0155	3.8644
99	3.2801	2.7483	1.2832	4.4675
100	3.5059	2.8580	1.5739	4.7892
101	3.5596	2.3103	1.4535	4.4856
102	3.5156	1.6586	1.0998	4.0399
103	3.1711	2.0184	0.9974	3.8890
104	2.8330	2.5960	1.2728	4.0479
105	2.8532	2.2556	1.3727	3.8875
106	3.1740	1.4363	1.0112	3.6277
107	3.1680	2.1202	1.0342	3.9498
108	2.7796	2.5429	1.3241	3.9932
109	2.8078	1.7095	1.1676	3.4884
110	2.9463	1.5314	0.8085	3.4176
111	2.3938	2.2692	1.0942	3.4752
112	2.6021	1.5724	1.0047	3.2020
113	3.1178	1.7843	0.9537	3.7168
114	2.8703	2.6951	1.3775	4.1713
115	3.1944	1.7707	1.2411	3.8574
116	3.2376	2.3223	1.1124	4.1367
117	2.6318	2.3138	1.3178	3.7439
118	3.0562	1.4859	0.8756	3.5093
119	2.6712	2.5309	1.2923	3.9001
120	3.0306	1.5040	1.0646	3.5469
121	3.0054	2.5895	1.2323	4.1541
122	3.0401	1.7772	1.2391	3.7331
123	3.0485	2.4820	1.1145	4.0861
124	2.8968	1.8238	1.2518	3.6448
125	2.8980	2.3805	1.1337	3.9179
126	2.9543	1.6952	1.2019	3.6119
127	2.8704	2.6407	1.3048	4.1128
128	3.1664	1.5730	1.0566	3.6901
129	2.7307	2.6848	1.4078	4.0800
130	3.1014	1.5643	0.8241	3.5700
131	2.5686	2.2799	1.3717	3.6982
132	2.9009	2.2483	1.0101	3.8066
133	2.7851	1.4090	1.0226	3.2845
134	2.3044	2.3010	1.0368	3.4176
135	2.8842	1.8100	0.9530	3.5360
136	2.6004	1.7158	1.1180	3.3100
137	2.5747	2.4197	1.1692	3.7217
138	2.8707	1.8437	0.9345	3.5375
139	2.6581	1.4653	0.9650	3.1849
140	2.2164	2.3665	1.2750	3.4840
141	2.6940	2.0083	0.8679	3.4705
142	2.6876	1.3754	1.0312	3.1904
143	2.5878	2.0655	1.1677	3.5109
144	2.6200	2.6342	1.3109	3.9397
145	3.0139	2.0586	0.9318	3.7670
146	2.9977	1.6158	1.1792	3.6038
147	2.9593	2.0275	1.2219	3.7896
148	2.7075	2.7236	1.5109	4.1270
149	2.9151	2.6925	1.2446	4.1589
150	2.9757	2.2671	1.1711	3.9200
151	3.1906	1.7297	1.0068	3.7663
152	3.1314	1.7535	1.1910	3.7814
153	3.0421	1.9747	1.2661	3.8414
154	2.8123	2.2921	1.3018	3.8545
155	2.5924	2.3675	1.3550	3.7632
156	2.2754	2.3441	1.1511	3.4637
157	2.1369	2.3715	1.2289	3.4206
158	2.1878	2.2766	1.0227	3.3189
159	1.9871	2.1550	0.9917	3.0945
160	1.7989	1.7826	0.8113	2.6593
161	1.3778	1.4469	0.5358	2.0685
162	1.2979	1.3408	0.5939	1.9583
163	1.1711	1.2097	0.3578	1.7213
164	1.1105	1.1928	0.5364	1.7157
165	1.0859	1.0461	0.3133	1.5400
166	1.0064	0.9893	0.3860	1.4631
167	0.9132	0.7893	0.2545	1.2335
168	0.8069	0.8731	0.2420	1.2132
169	0.9004	0.8147	0.2989	1.2505
170	0.7455	0.7558	0.2843	1.0990
171	0.8057	0.8123	0.3127	1.1861
172	0.7222	0.7102	0.2023	1.0329
173	0.7804	0.6907	0.2510	1.0720
174	0.7409	0.6739	0.2136	1.0240
175	0.7066	0.6465	0.2637	0.9934
176	0.6694	0.6425	0.1493	0.9398
177	0.6169	0.5727	0.1162	0.8498
178	0.6373	0.5990	0.1655	0.8901
179	0.5184	0.5242	0.1598	0.7544
180	0.6050	0.6052	0.1420	0.8674
181	0.4933	0.5388	0.0612	0.7331
182	0.5117	0.5715	0.0381	0.7681
183	0.4507	0.5849	0.0454	0.7398
184	0.5140	0.5747	0.0652	0.7737
185	0.5612	0.6289	0.1786	0.8616
186	0.4678	0.5930	0.1257	0.7656
187	0.5221	0.5803	0.1191	0.7896
188	0.5743	0.6316	0.2475	0.8888
189	0.5441	0.5672	0.2041	0.8120
190	0.5336	0.5714	0.2628	0.8248
191	0.4688	0.5756	0.1111	0.7506
192	0.3922	0.5466	0.0870	0.6784
193	0.4809	0.5745	0.0249	0.7496
194	0.5327	0.6352	0.2250	0.8590
195	0.5236	0.6260	0.2370	0.8498
196	0.5328	0.5397	0.1969	0.7835
197	0.5585	0.5547	0.2781	0.8348
198	0.4430	0.5665	0.0721	0.7228
199	0.3885	0.5556	0.0940	0.6844
200	0.3582	0.5680	0.1445	0.6869
201	0.8581	0.6285	0.6386	1.2406
202	0.5757	0.5993	0.2679	0.8731
203	0.3592	0.5177	0.1585	0.6497
204	0.3905	0.4991	0.1853	0.6602
205	0.4712	0.5737	0.0618	0.7450
206	0.5537	0.6059	0.3077	0.8766
207	0.4973	0.5731	0.2438	0.7970
208	0.3777	0.5078	0.1300	0.6460
209	0.4029	0.5621	0.0713	0.6952
210	0.5265	0.5604	0.2253	0.8013
211	0.5564	0.5836	0.3381	0.8743
212	0.4960	0.5761	0.1348	0.7721
213	0.5308	0.6456	0.2789	0.8811
214	0.4741	0.6361	0.2284	0.8256
215	0.3846	0.5441	0.0426	0.6677
216	0.3359	0.5471	0.1460	0.6584
217	0.4227	0.5466	0.0723	0.6947
218	0.4147	0.5234	0.1324	0.6807
219	0.3566	0.5211	0.1894	0.6592
220	0.4733	0.5529	0.1234	0.7382
221	0.5054	0.5485	0.3232	0.8128
222	0.4380	0.5384	0.2143	0.7264
223	0.5403	0.5857	0.1978	0.8210
224	0.5248	0.5109	0.3097	0.7952
225	0.4169	0.5695	0.1064	0.7137
226	0.4748	0.5881	0.1347	0.7677
227	0.4514	0.6150	0.3027	0.8207
228	0.4504	0.5624	0.0566	0.7227
229	0.4897	0.6264	0.2028	0.8205
230	0.4613	0.5471	0.2887	0.7716
231	0.4580	0.5753	0.0773	0.7394
232	0.4840	0.5879	0.2538	0.8027
233	0.4362	0.5633	0.1585	0.7299
234	0.5110	0.6424	0.2667	0.8631
235	0.4141	0.5087	0.2448	0.7002
236	0.4445	0.5919	0.0677	0.7433
237	0.5442	0.5779	0.4615	0.9182
238	0.4464	0.5754	0.0887	0.7336
239	0.5595	0.6200	0.3753	0.9156
240	0.4539	0.5266	0.2754	0.7478
241	0.5091	0.6096	0.2208	0.8244
242	0.4871	0.5552	0.3972	0.8387
243	0.5268	0.6286	0.2301	0.8518
244	0.4591	0.5364	0.2505	0.7492
245	0.4827	0.6021	0.1286	0.7823
246	0.4238	0.5429	0.1617	0.7074
247	0.4321	0.5844	0.1321	0.7387
248	0.4553	0.5440	0.2574	0.7546
249	0.4764	0.5956	0.1457	0.7765
250	0.4461	0.5650	0.3252	0.7900
251	0.4976	0.6257	0.1950	0.8229
252	0.4214	0.5400	0.3413	0.7653
253	0.5000	0.5894	0.1648	0.7903
254	0.4253	0.5348	0.2907	0.7426
255	0.5074	0.6318	0.2380	0.8446
256	0.3459	0.5275	0.1689	0.6530
257	0.4502	0.6143	0.2231	0.7936
258	0.3537	0.5609	0.0901	0.6692
259	0.4683	0.5760	0.3487	0.8201
260	0.4869	0.6478	0.2479	0.8474
261	0.4213	0.5803	0.2850	0.7717
262	0.5093	0.6346	0.2963	0.8660
263	0.3241	0.5205	0.1902	0.6420
264	0.4216	0.5947	0.2957	0.7867
265	0.4402	0.6420	0.1643	0.7956
266	0.3657	0.5604	0.1060	0.6776
267	0.5441	0.6445	0.3631	0.9183
268	0.4459	0.5429	0.0510	0.7044
269	0.4456	0.5043	0.3653	0.7657
270	0.5179	0.5783	0.2481	0.8149
271	0.3934	0.5102	0.2237	0.6820
272	0.5130	0.5330	0.3666	0.8256
273	0.6025	0.5883	0.3108	0.8976
274	0.4166	0.4945	0.2011	0.6772
275	0.4541	0.5077	0.3320	0.7577
276	0.5177	0.5901	0.2272	0.8172
277	0.4047	0.5988	0.0252	0.7231
278	0.4042	0.5382	0.4005	0.7832
279	0.4828	0.6211	0.2593	0.8283
280	0.4113	0.5939	0.1841	0.7455
281	0.3366	0.5264	0.1648	0.6462
282	0.5079	0.5806	0.3443	0.8448
283	0.4743	0.5614	0.1124	0.7435
284	0.4053	0.5053	0.1439	0.6636
285	0.4324	0.5272	0.1872	0.7071
286	0.5643	0.6420	0.4065	0.9465
287	0.4927	0.6002	0.1907	0.7996
288	0.3049	0.5462	0.1412	0.6413
289	0.3865	0.5819	0.2292	0.7352
290	0.5146	0.5968	0.3529	0.8634
291	0.5096	0.5600	0.1171	0.7661
292	0.4184	0.4913	0.1567	0.6640
293	0.4399	0.5447	0.2821	0.7548
294	0.5156	0.6079	0.5093	0.9459
295	0.4831	0.6559	0.3199	0.8751
296	0.4585	0.6230	0.2672	0.8184
297	0.4509	0.5317	0.0647	0.7002
298	0.3738	0.4398	0.3339	0.6668
299	0.4375	0.5287	0.2764	0.7398
300	0.4505	0.6086	0.3379	0.8291
301	0.5202	0.6241	0.2546	0.8514
302	0.4498	0.5632	0.1558	0.7374
303	0.4677	0.5658	0.0754	0.7379
304	0.4349	0.4954	0.2541	0.7065
305	0.3596	0.5444	0.2715	0.7067
306	0.3932	0.5743	0.3119	0.7627
307	0.4534	0.5513	0.3424	0.7917
308	0.5219	0.5551	0.2413	0.7993
309	0.5838	0.6010	0.3707	0.9162
310	0.4970	0.6505	0.2294	0.8502
311	0.4860	0.6327	0.2247	0.8289
312	0.5288	0.5137	0.0989	0.7439
313	0.4320	0.5220	0.1472	0.6934
314	0.3862	0.5792	0.0522	0.6981
315	0.3893	0.5588	0.0786	0.6855
316	0.3769	0.4748	0.2283	0.6478
317	0.3988	0.5415	0.1136	0.6821
318	0.3713	0.5449	0.2683	0.7119
319	0.3526	0.5364	0.1453	0.6582
320	0.4459	0.5387	0.2512	0.7430
321	0.3444	0.5271	0.2108	0.6640
322	0.3970	0.5750	0.1665	0.7182
323	0.4265	0.5064	0.3085	0.7304
324	0.4034	0.5462	0.1182	0.6892
325	0.4292	0.5662	0.2889	0.7670
326	0.3719	0.5323	0.1641	0.6697
327	0.4731	0.5363	0.1916	0.7404
328	0.4461	0.5573	0.3267	0.7851
329	0.4260	0.5955	0.2236	0.7656
330	0.4857	0.5199	0.2726	0.7619
331	0.4163	0.5940	0.1551	0.7418
332	0.4498	0.5947	0.2895	0.7999
333	0.4495	0.5129	0.0891	0.6878
334	0.4744	0.5856	0.2764	0.8027
335	0.4025	0.5737	0.1899	0.7261
336	0.4904	0.5524	0.1739	0.7588
337	0.4311	0.5849	0.1256	0.7373
338	0.4306	0.5967	0.1820	0.7580
339	0.4488	0.5214	0.1597	0.7062
340	0.4387	0.6133	0.1733	0.7737
341	0.4146	0.5468	0.1724	0.7075
342	0.4816	0.5504	0.1860	0.7546
343	0.4216	0.5869	0.1323	0.7347
344	0.4369	0.5603	0.1230	0.7211
345	0.4368	0.5531	0.0875	0.7102
346	0.4523	0.6017	0.1970	0.7781
347	0.3986	0.5054	0.1014	0.6516
348	0.4413	0.6060	0.2024	0.7765
349	0.3885	0.5657	0.1522	0.7029
350	0.5009	0.5674	0.2476	0.7963
351	0.3463	0.5819	0.1123	0.6864
352	0.5095	0.5254	0.2458	0.7721
353	0.4082	0.5705	0.1216	0.7119
354	0.4694	0.5599	0.2466	0.7711
355	0.4847	0.5800	0.1735	0.7755
356	0.4246	0.5810	0.2525	0.7626
357	0.5093	0.5809	0.2106	0.8008
358	0.3829	0.5994	0.1649	0.7301
359	0.4878	0.5479	0.2253	0.7674
360	0.4263	0.5851	0.1517	0.7397
361	0.4941	0.5747	0.2941	0.8130
362	0.4394	0.5632	0.1511	0.7302
363	0.4304	0.5498	0.2132	0.7301
364	0.4640	0.5529	0.1747	0.7426
365	0.4086	0.5900	0.0717	0.7212
366	0.4653	0.5503	0.1982	0.7474
367	0.4276	0.5848	0.1205	0.7344
368	0.4784	0.5351	0.1704	0.7377
369	0.4223	0.6052	0.1766	0.7588
370	0.4416	0.5398	0.0416	0.6987
371	0.3995	0.5941	0.2232	0.7499
372	0.4794	0.5403	0.1647	0.7409
373	0.3672	0.5791	0.1197	0.6961
374	0.5306	0.5481	0.2851	0.8144
375	0.4052	0.5966	0.1910	0.7461
376	0.5026	0.5322	0.2085	0.7612
377	0.4367	0.5914	0.2448	0.7748
378	0.4538	0.5428	0.0641	0.7105
379	0.4127	0.5716	0.1922	0.7308
380	0.4781	0.5721	0.2291	0.7800
381	0.4109	0.5594	0.0516	0.6960
382	0.4563	0.5711	0.2486	0.7722
383	0.4756	0.5579	0.2117	0.7631
384	0.4310	0.5979	0.1181	0.7464
385	0.4562	0.5364	0.2015	0.7325
386	0.4343	0.5912	0.2228	0.7667
387	0.4698	0.5486	0.0468	0.7238
388	0.3838	0.5534	0.1685	0.6942
389	0.4663	0.5696	0.2428	0.7752
390	0.4728	0.5743	0.1848	0.7665
391	0.4032	0.5929	0.0659	0.7201
392	0.4880	0.5322	0.1999	0.7493
393	0.4186	0.5978	0.2095	0.7593
394	0.4449	0.5558	0.1159	0.7213
395	0.3797	0.5181	0.0955	0.6494
396	0.4209	0.5932	0.1745	0.7480
397	0.4935	0.5603	0.2272	0.7804
398	0.4246	0.5951	0.1494	0.7462
399	0.4653	0.5709	0.1902	0.7606
400	0.5115	0.5457	0.2726	0.7961
401	0.3538	0.5814	0.1753	0.7028
402	0.7176	0.6215	0.4857	1.0663
403	0.4266	0.5690	0.1814	0.7339
404	0.4262	0.5850	0.2616	0.7696
405	0.5094	0.5588	0.2438	0.7945
406	0.4150	0.5850	0.0757	0.7212
407	0.3287	0.5615	0.1230	0.6622
408	0.4369	0.5083	0.1500	0.6869
409	0.4718	0.5869	0.3107	0.8146
410	0.4661	0.6007	0.2691	0.8065
411	0.4605	0.5332	0.0550	0.7067
412	0.4070	0.5804	0.0865	0.7142
413	0.4196	0.5793	0.2366	0.7534
414	0.5059	0.5722	0.2929	0.8180
415	0.4724	0.5864	0.2119	0.7823
416	0.4133	0.5995	0.1430	0.7420
417	0.4208	0.5623	0.0156	0.7025
418	0.4057	0.5490	0.1244	0.6939
419	0.4267	0.5718	0.2835	0.7677
420	0.4929	0.5703	0.3072	0.8140
421	0.4971	0.5720	0.2355	0.7936
422	0.4459	0.6133	0.1959	0.7831
423	0.4237	0.6021	0.1293	0.7475
424	0.4713	0.5429	0.1190	0.7287
425	0.4267	0.5605	0.2498	0.7474
426	0.3896	0.5998	0.2037	0.7436
427	0.4719	0.5641	0.2748	0.7851
428	0.4993	0.5560	0.2696	0.7944
429	0.4541	0.5917	0.2185	0.7773
430	0.3822	0.6083	0.0812	0.7230
431	0.4510	0.5748	0.1502	0.7459
432	0.4400	0.5534	0.1414	0.7210
433	0.4200	0.5672	0.1870	0.7301
434	0.4028	0.5932	0.1742	0.7379
435	0.4588	0.5851	0.1656	0.7617
436	0.4694	0.5841	0.2716	0.7971
437	0.4544	0.5950	0.2283	0.7827
438	0.4236	0.6320	0.2051	0.7879
439	0.5010	0.5935	0.2296	0.8099
440	0.5085	0.5636	0.2153	0.7891
441	0.4974	0.5514	0.1747	0.7628
442	0.4806	0.5702	0.1979	0.7715
443	0.4833	0.5943	0.2303	0.7999
444	0.4776	0.5614	0.1641	0.7551
445	0.5589	0.5143	0.2140	0.7891
446	0.5775	0.5110	0.2681	0.8164
447	0.4770	0.5088	0.1175	0.7073
448	0.4679	0.5561	0.1873	0.7505
449	0.4892	0.5743	0.2295	0.7886
450	0.4901	0.5394	0.2323	0.7649
451	0.4721	0.5275	0.1487	0.7234
452	0.4721	0.5390	0.2244	0.7509
453	0.4433	0.5807	0.2216	0.7635
454	0.3792	0.6118	0.1776	0.7414
455	0.4051	0.6285	0.2311	0.7826
456	0.4296	0.6126	0.2165	0.7789
457	0.4384	0.6224	0.1182	0.7704
458	0.4827	0.6087	0.1336	0.7883
459	0.5122	0.5418	0.1556	0.7617
460	0.5193	0.5338	0.1429	0.7583
461	0.4691	0.5350	0.0966	0.7180
462	0.4224	0.5319	0.0573	0.6816
463	0.4227	0.5556	0.0582	0.7005
464	0.3863	0.5939	0.1805	0.7311
465	0.3998	0.6025	0.1897	0.7476
466	0.4014	0.6157	0.1777	0.7562
467	0.4280	0.6366	0.1948	0.7914
468	0.4471	0.5909	0.1098	0.7491
469	0.4484	0.5750	0.0426	0.7304
470	0.4860	0.5469	0.1017	0.7387
471	0.5058	0.5288	0.1238	0.7422
472	0.5151	0.5083	0.1302	0.7353
473	0.4668	0.4977	0.1125	0.6916
474	0.4690	0.5574	0.1440	0.7426
475	0.4215	0.5729	0.1456	0.7260
476	0.4476	0.5887	0.1499	0.7546
477	0.4441	0.6024	0.2335	0.7840
478	0.4544	0.6004	0.1894	0.7764
479	0.4525	0.5789	0.1091	0.7428
480	0.4668	0.5606	0.1154	0.7386
481	0.4491	0.5447	0.1287	0.7176
482	0.4315	0.5453	0.1272	0.7069
483	0.4114	0.5936	0.1786	0.7440
484	0.3719	0.5946	0.1868	0.7257
485	0.4360	0.6278	0.1894	0.7874
486	0.4518	0.5678	0.2072	0.7546
487	0.5052	0.5682	0.1110	0.7684
488	0.4877	0.5297	0.1502	0.7356
489	0.4519	0.5831	0.1179	0.7471
490	0.3954	0.5916	0.2230	0.7457
491	0.3853	0.6177	0.1329	0.7401
492	0.4671	0.6355	0.1969	0.8129
493	0.4496	0.5656	0.1023	0.7297
494	0.4784	0.5537	0.0743	0.7355
495	0.4553	0.5427	0.1809	0.7311
496	0.4099	0.5854	0.1785	0.7366
497	0.4153	0.6187	0.1973	0.7709
498	0.4647	0.6115	0.2024	0.7942
499	0.5217	0.5529	0.1905	0.7837
500	0.5133	0.5379	0.1556	0.7596
501	0.3426	0.5700	0.1117	0.6744
502	0.4400	0.5950	0.1789	0.7613
503	0.3919	0.5814	0.0958	0.7076
504	0.4467	0.5597	0.1809	0.7386
505	0.4874	0.5832	0.1635	0.7774
506	0.4302	0.5514	0.1704	0.7198
507	0.4272	0.6040	0.1741	0.7600
508	0.4143	0.5882	0.1365	0.7323
509	0.4836	0.5958	0.0869	0.7723
510	0.4381	0.5314	0.0609	0.6914
511	0.4365	0.5460	0.0822	0.7039
512	0.4079	0.6042	0.1656	0.7476
513	0.4490	0.6158	0.1980	0.7874
514	0.5202	0.5673	0.1098	0.7775
515	0.4702	0.5396	0.0738	0.7195
516	0.4122	0.5915	0.1650	0.7396
517	0.4456	0.6401	0.2114	0.8081
518	0.5059	0.5976	0.1175	0.7918
519	0.4785	0.5400	0.0756	0.7255
520	0.4353	0.5656	0.1153	0.7230
521	0.3946	0.6281	0.1331	0.7536
522	0.4752	0.5762	0.2020	0.7737
523	0.4935	0.5410	0.0867	0.7374
524	0.4391	0.5765	0.1058	0.7324
525	0.4286	0.6240	0.1676	0.7754
526	0.4566	0.5749	0.1316	0.7458
527	0.4672	0.5487	0.0993	0.7275
528	0.4182	0.5895	0.0769	0.7268
529	0.4519	0.5995	0.1549	0.7665
530	0.4737	0.5567	0.1247	0.7415
531	0.4720	0.5684	0.1694	0.7580
532	0.4149	0.5691	0.0969	0.7109
533	0.4613	0.5718	0.1657	0.7531
534	0.4846	0.5768	0.1489	0.7679
535	0.4344	0.5702	0.2666	0.7648
536	0.4733	0.6203	0.2489	0.8190
537	0.4545	0.5462	0.1501	0.7263
538	0.4517	0.5588	0.1886	0.7429
539	0.4406	0.5874	0.1477	0.7490
540	0.4623	0.6065	0.1253	0.7728
541	0.4544	0.5639	0.1129	0.7330
542	0.4197	0.5738	0.0406	0.7120
543	0.4191	0.5927	0.1260	0.7368
544	0.4429	0.5663	0.0462	0.7204
545	0.4613	0.5711	0.0667	0.7372
546	0.4241	0.5993	0.1397	0.7474
547	0.4603	0.5624	0.1204	0.7366
548	0.4801	0.5690	0.0919	0.7501
549	0.4189	0.6150	0.1449	0.7581
550	0.4845	0.5788	0.1920	0.7789
551	0.4737	0.5516	0.0761	0.7310
552	0.3928	0.5705	0.2068	0.7228
553	0.4557	0.5987	0.2271	0.7859
554	0.4638	0.5341	0.0392	0.7084
555	0.3692	0.5889	0.1130	0.7042
556	0.4234	0.6233	0.1815	0.7751
557	0.5002	0.5315	0.0536	0.7318
558	0.4486	0.5710	0.1737	0.7466
559	0.4750	0.6219	0.2257	0.8145
560	0.5299	0.5465	0.2035	0.7879
561	0.4283	0.6039	0.2117	0.7701
562	0.4512	0.6133	0.1001	0.7680
563	0.4668	0.5529	0.0627	0.7264
564	0.4205	0.5878	0.1605	0.7404
565	0.4322	0.5879	0.0533	0.7316
566	0.4232	0.5490	0.0201	0.6935
567	0.3900	0.5803	0.0141	0.6993
568	0.4846	0.5662	0.0644	0.7480
569	0.4437	0.5376	0.1659	0.7165
570	0.4351	0.5859	0.1940	0.7551
571	0.4778	0.5714	0.1870	0.7680
572	0.4603	0.5671	0.2393	0.7686
573	0.4716	0.5934	0.2175	0.7886
574	0.4335	0.5640	0.0574	0.7137
575	0.4295	0.6078	0.1162	0.7533
576	0.4579	0.5908	0.1130	0.7559
577	0.4633	0.5674	0.1272	0.7435
578	0.4708	0.5971	0.2254	0.7931
579	0.4847	0.5696	0.1642	0.7658
580	0.4282	0.6010	0.1565	0.7544
581	0.4325	0.5944	0.1746	0.7556
582	0.4070	0.5233	0.0870	0.6686
583	0.3829	0.6096	0.0194	0.7202
584	0.4830	0.5577	0.1864	0.7610
585	0.4900	0.5800	0.2530	0.8003
586	0.4490	0.6036	0.1575	0.7686
587	0.4697	0.5576	0.1488	0.7441
588	0.4229	0.6282	0.2359	0.7931
589	0.4481	0.5543	0.0983	0.7195
590	0.4426	0.5949	0.0575	0.7437
591	0.4951	0.5967	0.1289	0.7860
592	0.4962	0.5584	0.1745	0.7671
593	0.4144	0.6138	0.1058	0.7481
594	0.4263	0.5648	0.0852	0.7127
595	0.4479	0.6429	0.2967	0.8379
596	0.4404	0.5724	0.0215	0.7225
597	0.3736	0.5906	0.1657	0.7183
598	0.4881	0.6015	0.1757	0.7943
599	0.4447	0.5721	0.1413	0.7382
600	0.4387	0.6203	0.1711	0.7788
601	0.4987	0.5841	0.1913	0.7915
602	0.4171	0.5820	0.1050	0.7237
603	0.3688	0.5275	0.2479	0.6897
604	0.4845	0.6058	0.3836	0.8654
605	0.4729	0.5644	0.1489	0.7512
606	0.4506	0.6148	0.0900	0.7675
607	0.5337	0.5759	0.1397	0.7975
608	0.4245	0.5997	0.1637	0.7528
609	0.4639	0.5829	0.1305	0.7563
610	0.4116	0.5869	0.1733	0.7375
611	0.4669	0.5935	0.1221	0.7650
612	0.4525	0.5868	0.1158	0.7500
613	0.5070	0.6158	0.2906	0.8489
614	0.4572	0.5602	0.2106	0.7531
615	0.4320	0.6035	0.1587	0.7590
616	0.4601	0.5341	0.0465	0.7065
617	0.4611	0.6259	0.1595	0.7936
618	0.4919	0.5642	0.1302	0.7598
619	0.3897	0.6102	0.1376	0.7370
620	0.3999	0.5388	0.1217	0.6820
621	0.4371	0.6363	0.1487	0.7861
622	0.5242	0.5281	0.2055	0.7720
623	0.4462	0.6087	0.2937	0.8099
624	0.4764	0.5722	0.1583	0.7612
625	0.4641	0.6108	0.0922	0.7726
626	0.5143	0.5862	0.1479	0.7937
627	0.4655	0.6115	0.1918	0.7921
628	0.4583	0.5550	0.1088	0.7279
629	0.5158	0.6123	0.1135	0.8086
630	0.4805	0.5979	0.1548	0.7825
631	0.4508	0.5764	0.1182	0.7412
632	0.3904	0.6160	0.0506	0.7311
633	0.4703	0.5703	0.1673	0.7579
634	0.4174	0.6136	0.2025	0.7693
635	0.4451	0.5567	0.1765	0.7343
636	0.4279	0.6252	0.2058	0.7851
637	0.4738	0.5628	0.1522	0.7513
638	0.4373	0.5983	0.2181	0.7724
639	0.4209	0.5685	0.0167	0.7075
640	0.4904	0.6021	0.0855	0.7812
641	0.4582	0.5952	0.1737	0.7710
642	0.4639	0.6030	0.1044	0.7679
643	0.4521	0.6237	0.2417	0.8073
644	0.4824	0.5784	0.1480	0.7676
645	0.4357	0.6277	0.2628	0.8081
646	0.4892	0.5530	0.1036	0.7456
647	0.4739	0.6109	0.0826	0.7776
648	0.4459	0.5986	0.1886	0.7699
649	0.4543	0.5671	0.1606	0.7442
650	0.4318	0.6342	0.2949	0.8220
651	0.5093	0.5425	0.1861	0.7671
652	0.4423	0.6458	0.2709	0.8283
653	0.4765	0.5882	0.2057	0.7844
654	0.5499	0.6188	0.1932	0.8501
655	0.4462	0.6347	0.2284	0.8087
656	0.4657	0.5652	0.0558	0.7344
657	0.4269	0.6286	0.0667	0.7628
658	0.4386	0.5302	0.0612	0.6908
659	0.4691	0.5749	0.1367	0.7545
660	0.4175	0.5986	0.1509	0.7453
661	0.5304	0.5717	0.1550	0.7951
662	0.4617	0.5934	0.3028	0.8105
663	0.4333	0.6029	0.0951	0.7486
664	0.5250	0.6175	0.1848	0.8313
665	0.4327	0.6525	0.1985	0.8078
666	0.4772	0.5885	0.1072	0.7652
667	0.5157	0.6037	0.1842	0.8150
668	0.4488	0.6260	0.2599	0.8129
669	0.4701	0.5523	0.0777	0.7294
670	0.4881	0.6213	0.2260	0.8218
671	0.4220	0.6025	0.0903	0.7411
672	0.4862	0.6083	0.0725	0.7821
673	0.4923	0.6394	0.1560	0.8219
674	0.4346	0.5932	0.1016	0.7423
675	0.4631	0.5859	0.1213	0.7566
676	0.4517	0.6321	0.1585	0.7929
677	0.4398	0.5798	0.0249	0.7281
678	0.4751	0.5859	0.0838	0.7589
679	0.4373	0.6131	0.0663	0.7560
680	0.4554	0.5736	0.0166	0.7326
681	0.4669	0.5689	0.0880	0.7412
682	0.4380	0.6176	0.1252	0.7675
683	0.4644	0.5754	0.0775	0.7435
684	0.4434	0.5906	0.0333	0.7393
685	0.4135	0.6243	0.0915	0.7544
686	0.4813	0.5828	0.1045	0.7630
687	0.4650	0.6208	0.1089	0.7832
688	0.3985	0.6452	0.0904	0.7637
689	0.4532	0.5727	0.0824	0.7350
690	0.4791	0.5649	0.0287	0.7412
691	0.4361	0.6125	0.1056	0.7592
692	0.5041	0.6271	0.1047	0.8114
693	0.5230	0.5973	0.2128	0.8219
694	0.4098	0.6305	0.1754	0.7722
695	0.4993	0.6120	0.2434	0.8264
696	0.4527	0.5944	0.0748	0.7509
697	0.4851	0.6299	0.0551	0.7970
698	0.4061	0.6393	0.2075	0.7853
699	0.4358	0.5982	0.0570	0.7423
700	0.4751	0.6631	0.2720	0.8599
701	0.4890	0.6137	0.1982	0.8093
702	0.5069	0.6436	0.3975	0.9106
703	0.5112	0.6450	0.2153	0.8507
704	0.4708	0.6862	0.4047	0.9254
705	0.5001	0.6349	0.4528	0.9265
706	0.5206	0.6365	0.3918	0.9109
707	0.5537	0.6697	0.5022	1.0036
708	0.4915	0.6847	0.5972	1.0329
709	0.5313	0.6634	0.6139	1.0485
710	0.6053	0.6385	0.5904	1.0596
711	0.5009	0.6859	0.6602	1.0757
712	0.5642	0.6610	0.7278	1.1335
713	0.5470	0.6253	0.7580	1.1246
714	0.6129	0.6274	0.6347	1.0826
715	0.5215	0.6652	0.8237	1.1802
716	0.5105	0.6059	0.5567	0.9684
717	0.5747	0.5666	0.7557	1.1056
718	0.4959	0.6019	0.6572	1.0199
719	0.4599	0.6267	0.6137	0.9904
720	0.4382	0.5657	0.5258	0.8880
721	0.4838	0.5070	0.4581	0.8373
722	0.4464	0.5560	0.4889	0.8646
723	0.4091	0.6045	0.2954	0.7874
724	0.3971	0.5784	0.2920	0.7599
725	0.4890	0.5835	0.2312	0.7956
726	0.4721	0.6247	0.1774	0.8028
727	0.4883	0.6566	0.3036	0.8728
728	0.4951	0.6620	0.4371	0.9351
729	0.4634	0.6552	0.3741	0.8855
730	0.5567	0.6196	0.6150	1.0354
731	0.4999	0.6420	0.4319	0.9212
732	0.5360	0.6287	0.5900	1.0153
733	0.4531	0.6034	0.4513	0.8793
734	0.5423	0.5387	0.3494	0.8405
735	0.4504	0.6072	0.3883	0.8499
736	0.4234	0.6084	0.2378	0.7784
737	0.3584	0.6050	0.2304	0.7400
738	0.4545	0.6105	0.2564	0.8032
739	0.4286	0.6011	0.2171	0.7696
740	0.5633	0.6088	0.2837	0.8766
741	0.4477	0.6640	0.3893	0.8904
742	0.5020	0.6860	0.4288	0.9521
743	0.4695	0.6582	0.5615	0.9843
744	0.5360	0.5872	0.3572	0.8716
745	0.5373	0.5646	0.4783	0.9145
746	0.4919	0.6157	0.3764	0.8734
747	0.4195	0.6198	0.4317	0.8639
748	0.4480	0.6128	0.1120	0.7673
749	0.4408	0.5996	0.1188	0.7536
750	0.5403	0.6044	0.2309	0.8429
751	0.4597	0.6048	0.2158	0.7897
752	0.5781	0.6588	0.4308	0.9766
753	0.4813	0.6593	0.4699	0.9419
754	0.5338	0.6636	0.5166	0.9961
755	0.4529	0.6069	0.3770	0.8459
756	0.5212	0.5896	0.4498	0.9064
757	0.4222	0.6071	0.3027	0.7990
758	0.5025	0.6175	0.1467	0.8095
759	0.4544	0.5905	0.0908	0.7506
760	0.5068	0.6271	0.2549	0.8456
761	0.4554	0.6730	0.2724	0.8570
762	0.4607	0.6725	0.5322	0.9735
763	0.4972	0.6765	0.4643	0.9594
764	0.4885	0.6176	0.4282	0.8964
765	0.5524	0.6120	0.3871	0.9108
766	0.4443	0.5568	0.3406	0.7895
767	0.4855	0.5769	0.3358	0.8254
768	0.4395	0.5969	0.2335	0.7771
769	0.4757	0.6480	0.2032	0.8291
770	0.4495	0.6703	0.2434	0.8430
771	0.4891	0.6960	0.4840	0.9787
772	0.5293	0.6855	0.5303	1.0155
773	0.5005	0.6539	0.5303	0.9795
774	0.5455	0.6065	0.4727	0.9427
775	0.4721	0.5680	0.2558	0.7816
776	0.5339	0.5649	0.1389	0.7896
777	0.4549	0.6039	0.3020	0.8142
778	0.4927	0.6315	0.2056	0.8270
779	0.5540	0.6884	0.3933	0.9672
780	0.4921	0.6731	0.4629	0.9537
781	0.5131	0.6671	0.5043	0.9812
782	0.4825	0.6597	0.5257	0.9718
783	0.4707	0.6077	0.3190	0.8323
784	0.4646	0.6192	0.2414	0.8108
785	0.3895	0.6538	0.1050	0.7682
786	0.5112	0.6644	0.5053	0.9788
787	0.4521	0.6667	0.3518	0.8790
788	0.5594	0.6583	0.4913	0.9938
789	0.5481	0.6218	0.5432	0.9910
790	0.4958	0.5799	0.5931	0.9664
791	0.5119	0.5712	0.4720	0.9006
792	0.4473	0.5804	0.3988	0.8343
793	0.4946	0.6212	0.2768	0.8409
794	0.5392	0.6696	0.5534	1.0224
795	0.4809	0.6419	0.6355	1.0233
796	0.6130	0.6014	0.8339	1.1970
797	0.4967	0.6075	0.6217	1.0012
798	0.4018	0.5450	0.5357	0.8634
799	0.4696	0.6114	0.5504	0.9472
800	0.4660	0.7025	0.4972	0.9787
801	0.5660	0.7207	0.7708	1.1974
802	0.5763	0.6761	0.6653	1.1099
803	0.4290	0.5673	0.7949	1.0666
804	0.4427	0.5541	0.7298	1.0176
805	0.4859	0.6561	0.3802	0.9006
806	0.4684	0.6613	0.4803	0.9421
807	0.5507	0.6838	0.6465	1.0903
808	0.5105	0.6430	0.6569	1.0515
809	0.4660	0.5957	0.5694	0.9467
810	0.4563	0.6449	0.3185	0.8518
811	0.4393	0.6661	0.3593	0.8751
812	0.5260	0.6716	0.5293	1.0039
813	0.5474	0.6482	0.5885	1.0326
814	0.4734	0.5889	0.4620	0.8857
815	0.4754	0.6470	0.1341	0.8140
816	0.5013	0.6441	0.2506	0.8538
817	0.4421	0.6829	0.3956	0.9046
818	0.5358	0.6485	0.6908	1.0885
819	0.5142	0.6014	0.3930	0.8835
820	0.4116	0.6611	0.1566	0.7944
821	0.4911	0.6549	0.3947	0.9088
822	0.5689	0.6420	0.4473	0.9674
823	0.4440	0.6488	0.5766	0.9750
824	0.4814	0.5962	0.2286	0.7997
825	0.5125	0.6469	0.2234	0.8550
826	0.4619	0.6642	0.4005	0.9028
827	0.5320	0.6529	0.4850	0.9719
828	0.5444	0.5969	0.3646	0.8863
829	0.4027	0.6013	0.2658	0.7710
830	0.4717	0.6385	0.1945	0.8173
831	0.5351	0.6535	0.5054	0.9843
832	0.4742	0.6386	0.3929	0.8872
833	0.4258	0.5954	0.3964	0.8324
834	0.5158	0.6104	0.0953	0.8048
835	0.4787	0.6696	0.3794	0.9063
836	0.4411	0.6422	0.4998	0.9256
837	0.4923	0.6302	0.4246	0.9055
838	0.4843	0.5940	0.2402	0.8032
839	0.4060	0.6544	0.2117	0.7987
840	0.5115	0.6630	0.4451	0.9483
841	0.5383	0.6157	0.4808	0.9487
842	0.4279	0.5687	0.4215	0.8271
843	0.4545	0.6297	0.0789	0.7805
844	0.4781	0.6429	0.3811	0.8872
845	0.5020	0.6611	0.4111	0.9263
846	0.4290	0.5813	0.5135	0.8863
847	0.4800	0.6231	0.1364	0.7983
848	0.5348	0.6665	0.2701	0.8962
849	0.4857	0.6702	0.4854	0.9595
850	0.4647	0.6111	0.4836	0.9073
851	0.5153	0.6044	0.0569	0.7962
852	0.4924	0.6485	0.3621	0.8912
853	0.4205	0.6325	0.3008	0.8169
854	0.4791	0.5869	0.5721	0.9493
855	0.5231	0.5659	0.2387	0.8068
856	0.4462	0.6368	0.1226	0.7872
857	0.4486	0.6536	0.4502	0.9117
858	0.5069	0.6212	0.6560	1.0359
859	0.5126	0.5916	0.1739	0.8019
860	0.4596	0.6112	0.3016	0.8220
861	0.4185	0.6444	0.3394	0.8399
862	0.5022	0.6404	0.5237	0.9678
863	0.5129	0.5878	0.2638	0.8235
864	0.4495	0.6053	0.1738	0.7737
865	0.4853	0.6722	0.3898	0.9161
866	0.5186	0.6426	0.6081	1.0255
867	0.5072	0.5957	0.2435	0.8194
868	0.4820	0.6217	0.2853	0.8368
869	0.4473	0.6601	0.4536	0.9174
870	0.4715	0.6091	0.5536	0.9486
871	0.5095	0.5724	0.3284	0.8337
872	0.5852	0.6094	0.4038	0.9364
873	0.4411	0.6584	0.4276	0.9005
874	0.4600	0.5727	0.6173	0.9595
875	0.4839	0.5958	0.2849	0.8187
876	0.4837	0.6626	0.3985	0.9120
877	0.5207	0.6279	0.6569	1.0473
878	0.4752	0.5970	0.5317	0.9300
879	0.4659	0.6184	0.2180	0.8043
880	0.5181	0.6574	0.6352	1.0508
881	0.5210	0.6287	0.4927	0.9537
882	0.4008	0.5858	0.4704	0.8515
883	0.4000	0.6186	0.3798	0.8288
884	0.5336	0.6434	0.6159	1.0383
885	0.5190	0.5565	0.4878	0.9039
886	0.4378	0.5967	0.4823	0.8834
887	0.4000	0.6402	0.3280	0.8231
888	0.4331	0.6159	0.7814	1.0852
889	0.4764	0.5611	0.4581	0.8670
890	0.5108	0.6217	0.5111	0.9532
891	0.5270	0.6584	0.5840	1.0258
892	0.4372	0.5843	0.5338	0.9042
893	0.3459	0.6122	0.2678	0.7524
894	0.4773	0.6460	0.6521	1.0346
895	0.5132	0.5705	0.5425	0.9398
896	0.5041	0.5723	0.1982	0.7880
897	0.5002	0.6924	0.4496	0.9653
898	0.4260	0.5804	0.4983	0.8755
899	0.3581	0.5761	0.3361	0.7570
900	0.4406	0.6344	0.4817	0.9103
901	0.4694	0.5899	0.5055	0.9076
902	0.5057	0.5695	0.2638	0.8060
903	0.4879	0.6370	0.4079	0.9001
904	0.4815	0.6251	0.5444	0.9586
905	0.4258	0.5989	0.3417	0.8104
906	0.3960	0.6352	0.3236	0.8154
907	0.5016	0.6394	0.6592	1.0464
908	0.4952	0.5605	0.3214	0.8141
909	0.4829	0.6260	0.3361	0.8591
910	0.5040	0.6100	0.5359	0.9557
911	0.5025	0.5981	0.2477	0.8195
912	0.4475	0.6433	0.3210	0.8468
913	0.4677	0.6642	0.5489	0.9804
914	0.4247	0.5906	0.2859	0.7816
915	0.4394	0.6380	0.3137	0.8358
916	0.5104	0.6193	0.6373	1.0248
917	0.4941	0.5706	0.0989	0.7613
918	0.5282	0.6390	0.4147	0.9270
919	0.5422	0.5883	0.3820	0.8866
920	0.4813	0.5891	0.2030	0.7874
921	0.4472	0.6355	0.2903	0.8295
922	0.3803	0.6145	0.4720	0.8631
923	0.3962	0.5757	0.2299	0.7357
924	0.4094	0.6396	0.3544	0.8380
925	0.5013	0.5908	0.5110	0.9281
926	0.5258	0.6016	0.1536	0.8136
927	0.5284	0.6513	0.5339	0.9942
928	0.4956	0.5844	0.3062	0.8251
929	0.4733	0.6069	0.2842	0.8204
930	0.4749	0.6448	0.3701	0.8822
931	0.4609	0.5784	0.3407	0.8143
932	0.3807	0.6167	0.1948	0.7505
933	0.4249	0.6134	0.4841	0.8895
934	0.3906	0.5931	0.3658	0.7988
935	0.4163	0.6181	0.3008	0.8036
936	0.4967	0.6046	0.5374	0.9493
937	0.4904	0.5814	0.0958	0.7666
938	0.5014	0.6089	0.4705	0.9184
939	0.4981	0.5968	0.4337	0.8902
940	0.5082	0.5857	0.2030	0.8016
941	0.5231	0.6307	0.3887	0.9069
942	0.4671	0.5813	0.3596	0.8279
943	0.5036	0.6190	0.3154	0.8580
944	0.4952	0.6401	0.4253	0.9142
945	0.4378	0.5898	0.2948	0.7914
946	0.4292	0.6298	0.2700	0.8086
947	0.4529	0.6000	0.4308	0.8664
948	0.3749	0.5750	0.3055	0.7513
949	0.4321	0.6370	0.4226	0.8781
950	0.3818	0.5872	0.4827	0.8506
951	0.3917	0.6059	0.2441	0.7617
952	0.4347	0.6180	0.5473	0.9330
953	0.4151	0.5563	0.2320	0.7319
954	0.4418	0.6468	0.3979	0.8786
955	0.4828	0.6343	0.5628	0.9758
956	0.4497	0.6091	0.0840	0.7618
957	0.5033	0.6622	0.5725	1.0097
958	0.4726	0.5767	0.3793	0.8366
959	0.4785	0.6294	0.4013	0.8866
960	0.4963	0.6045	0.6453	1.0140
961	0.4778	0.5752	0.1403	0.7608
962	0.5117	0.6255	0.4990	0.9498
963	0.5134	0.5961	0.4428	0.9028
964	0.4752	0.5876	0.2570	0.7982
965	0.5250	0.6166	0.5554	0.9820
966	0.4517	0.5592	0.3355	0.7933
967	0.4735	0.6405	0.4995	0.9402
968	0.5020	0.5617	0.4003	0.8531
969	0.5096	0.5979	0.4342	0.8976
970	0.5182	0.6156	0.5651	0.9833
971	0.4931	0.5688	0.3198	0.8179
972	0.5063	0.6480	0.5697	1.0004
973	0.4832	0.5638	0.5594	0.9297
974	0.5017	0.6231	0.4755	0.9306
975	0.4841	0.6134	0.6355	1.0072
976	0.4569	0.5782	0.3304	0.8076
977	0.4798	0.6430	0.6941	1.0609
978	0.5014	0.5499	0.4478	0.8685
979	0.5299	0.6549	0.5925	1.0299
980	0.4596	0.5966	0.5352	0.9239
981	0.4691	0.5982	0.4679	0.8927
982	0.4845	0.5969	0.5109	0.9231
983	0.4554	0.5660	0.3322	0.7988
984	0.4911	0.6313	0.5663	0.9800
985	0.4666	0.5570	0.3440	0.8039
986	0.4861	0.6479	0.5700	0.9904
987	0.4747	0.5714	0.4420	0.8644
988	0.5057	0.6471	0.4130	0.9193
989	0.4802	0.5751	0.5455	0.9267
990	0.4542	0.6380	0.2677	0.8277
991	0.4584	0.5983	0.5516	0.9340
992	0.4512	0.5840	0.2687	0.7854
993	0.4707	0.6197	0.4971	0.9234
994	0.4511	0.5826	0.2313	0.7723
995	0.4757	0.6113	0.5095	0.9271
996	0.4158	0.5668	0.2850	0.7585
997	0.4494	0.6679	0.3681	0.8852
998	0.4543	0.5649	0.3294	0.7962
999	0.4927	0.6056	0.3931	0.8741
1000	0.4736	0.5957	0.4404	0.8793
