Frequency [Hz]	 X-Axis [uT]	Y-Axis [uT]	Z-Axis [uT]	Total [uT]
0	-79.8363	56.6220	18.4479	99.6002
1	0.2073	0.0603	0.0514	0.2219
2	0.0612	0.0459	0.0148	0.0779
3	0.0865	0.0124	0.0139	0.0885
4	0.4190	0.3579	0.5679	0.7913
5	0.0258	0.0271	0.0456	0.0590
6	0.0050	0.0096	0.0302	0.0321
7	0.0129	0.0221	0.0304	0.0398
8	0.0409	0.0697	0.1580	0.1774
9	0.0048	0.0214	0.0238	0.0324
10	0.0100	0.0098	0.0047	0.0148
11	0.0161	0.0126	0.0233	0.0310
12	0.0352	0.0301	0.0534	0.0707
13	0.0063	0.0070	0.0138	0.0167
14	0.0116	0.0110	0.0131	0.0206
15	0.0069	0.0056	0.0050	0.0102
16	0.0327	0.0125	0.0252	0.0431
17	0.0150	0.0256	0.0223	0.0371
18	0.0286	0.0366	0.0538	0.0711
19	0.0087	0.0257	0.0228	0.0355
20	0.0145	0.0045	0.0152	0.0215
21	0.0122	0.0237	0.0125	0.0294
22	0.0105	0.0256	0.0169	0.0324
23	0.0106	0.0146	0.0085	0.0200
24	0.0037	0.0088	0.0051	0.0109
25	0.0099	0.0052	0.0065	0.0129
26	0.0045	0.0099	0.0109	0.0154
27	0.0252	0.0369	0.0259	0.0517
28	0.0104	0.0298	0.0316	0.0446
29	0.0255	0.0617	0.0748	0.1003
30	0.0129	0.0169	0.0252	0.0330
31	0.0131	0.0068	0.0137	0.0202
32	0.0213	0.0027	0.0184	0.0282
33	0.0696	0.0088	0.0385	0.0801
34	0.0630	0.0223	0.0241	0.0711
35	0.0155	0.0154	0.0072	0.0230
36	0.0097	0.0227	0.0176	0.0304
37	0.0213	0.0269	0.0286	0.0446
38	0.0084	0.0041	0.0030	0.0098
39	0.0102	0.0200	0.0129	0.0259
40	0.0055	0.0042	0.0030	0.0076
41	0.0075	0.0061	0.0072	0.0121
42	0.0042	0.0077	0.0048	0.0100
43	0.0048	0.0193	0.0138	0.0242
44	0.0025	0.0003	0.0027	0.0037
45	0.0044	0.0053	0.0050	0.0085
46	0.0065	0.0098	0.0050	0.0128
47	0.0047	0.0052	0.0018	0.0073
48	0.0012	0.0093	0.0033	0.0100
49	0.0023	0.0027	0.0076	0.0084
50	0.0049	0.0162	0.0109	0.0201
51	0.0061	0.0141	0.0076	0.0171
52	0.0023	0.0147	0.0047	0.0156
53	0.0024	0.0073	0.0078	0.0110
54	0.0907	0.0698	0.0545	0.1268
55	0.0020	0.0364	0.0222	0.0427
56	0.0047	0.0183	0.0119	0.0223
57	0.0071	0.0625	0.0346	0.0718
58	0.0018	0.0351	0.0220	0.0414
59	0.0068	0.0054	0.0042	0.0096
60	0.0022	0.0070	0.0051	0.0089
61	0.0016	0.0104	0.0058	0.0120
62	0.0046	0.0059	0.0082	0.0110
63	0.0026	0.0105	0.0063	0.0125
64	0.0031	0.0277	0.0060	0.0285
65	0.0007	0.0100	0.0026	0.0104
66	0.0017	0.0079	0.0037	0.0089
67	0.0522	0.0142	0.0502	0.0738
68	0.0045	0.0038	0.0057	0.0082
69	0.0024	0.0030	0.0022	0.0044
70	0.0035	0.0052	0.0012	0.0064
71	0.0045	0.0099	0.0059	0.0123
72	0.0012	0.0093	0.0046	0.0105
73	0.0016	0.0455	0.0154	0.0480
74	0.0033	0.0139	0.0011	0.0144
75	0.0020	0.0077	0.0041	0.0090
76	0.0018	0.0142	0.0024	0.0145
77	0.0033	0.0103	0.0078	0.0134
78	0.0014	0.0040	0.0028	0.0051
79	0.0014	0.0086	0.0038	0.0095
80	0.0034	0.0078	0.0033	0.0091
81	0.0036	0.0055	0.0033	0.0073
82	0.0023	0.0051	0.0020	0.0059
83	0.0012	0.0108	0.0017	0.0110
84	0.0049	0.0080	0.0020	0.0096
85	0.0019	0.0141	0.0078	0.0162
86	0.0052	0.0415	0.0069	0.0424
87	0.0019	0.0115	0.0067	0.0134
88	0.0023	0.0045	0.0063	0.0081
89	0.0033	0.0074	0.0008	0.0081
90	0.0028	0.0110	0.0021	0.0115
91	0.0051	0.0096	0.0040	0.0116
92	0.0074	0.0187	0.0031	0.0203
93	0.0149	0.0048	0.0097	0.0184
94	0.0071	0.0050	0.0045	0.0098
95	0.0045	0.0035	0.0032	0.0066
96	0.0041	0.0073	0.0065	0.0106
97	0.0047	0.0049	0.0051	0.0085
98	0.0094	0.0011	0.0070	0.0117
99	0.0175	0.0056	0.0061	0.0193
100	0.0367	0.0043	0.0092	0.0381
101	0.0292	0.0016	0.0106	0.0311
102	0.0184	0.0053	0.0056	0.0200
103	0.0095	0.0034	0.0037	0.0108
104	0.0056	0.0039	0.0012	0.0069
105	0.0074	0.0040	0.0063	0.0105
106	0.0069	0.0135	0.0049	0.0159
107	0.0058	0.0083	0.0092	0.0137
108	0.0153	0.0017	0.0184	0.0240
109	0.0028	0.0054	0.0053	0.0080
110	0.0038	0.0061	0.0071	0.0101
111	0.0031	0.0090	0.0040	0.0103
112	0.0023	0.0057	0.0010	0.0063
113	0.0034	0.0136	0.0025	0.0143
114	0.0013	0.0084	0.0026	0.0089
115	0.0069	0.0359	0.0095	0.0378
116	0.0011	0.0059	0.0016	0.0062
117	0.0045	0.0137	0.0036	0.0149
118	0.0039	0.0026	0.0052	0.0070
119	0.0019	0.0049	0.0027	0.0059
120	0.0079	0.0077	0.0008	0.0111
121	0.0020	0.0117	0.0035	0.0124
122	0.0031	0.0022	0.0031	0.0049
123	0.0017	0.0035	0.0025	0.0046
124	0.0015	0.0053	0.0028	0.0061
125	0.0040	0.0072	0.0026	0.0086
126	0.0003	0.0073	0.0056	0.0092
127	0.0062	0.0129	0.0012	0.0143
128	0.0051	0.0081	0.0037	0.0103
129	0.0011	0.0015	0.0020	0.0028
130	0.0021	0.0083	0.0013	0.0086
131	0.0033	0.0039	0.0035	0.0062
132	0.0016	0.0029	0.0021	0.0039
133	0.0035	0.0036	0.0020	0.0054
134	0.0101	0.0006	0.0074	0.0126
135	0.0022	0.0087	0.0039	0.0098
136	0.0019	0.0047	0.0011	0.0052
137	0.0054	0.0043	0.0021	0.0072
138	0.0014	0.0029	0.0023	0.0040
139	0.0031	0.0065	0.0006	0.0072
140	0.0048	0.0052	0.0010	0.0071
141	0.0032	0.0013	0.0037	0.0051
142	0.0006	0.0100	0.0070	0.0122
143	0.0011	0.0056	0.0041	0.0070
144	0.0043	0.0093	0.0037	0.0109
145	0.0024	0.0063	0.0045	0.0081
146	0.0039	0.0043	0.0012	0.0059
147	0.0023	0.0147	0.0037	0.0153
148	0.0008	0.0057	0.0027	0.0064
149	0.0011	0.0036	0.0003	0.0037
150	0.0059	0.0051	0.0026	0.0082
151	0.0031	0.0073	0.0026	0.0083
152	0.0018	0.0026	0.0060	0.0068
153	0.0044	0.0062	0.0058	0.0095
154	0.0007	0.0077	0.0045	0.0089
155	0.0020	0.0026	0.0003	0.0033
156	0.0013	0.0028	0.0035	0.0047
157	0.0022	0.0033	0.0014	0.0042
158	0.0004	0.0029	0.0011	0.0031
159	0.0028	0.0034	0.0049	0.0066
160	0.0040	0.0020	0.0036	0.0057
161	0.0023	0.0024	0.0014	0.0036
162	0.0070	0.0026	0.0068	0.0101
163	0.0024	0.0032	0.0026	0.0048
164	0.0040	0.0065	0.0035	0.0084
165	0.0016	0.0041	0.0025	0.0051
166	0.0005	0.0019	0.0026	0.0032
167	0.0120	0.0027	0.0047	0.0131
168	0.0046	0.0061	0.0091	0.0119
169	0.0029	0.0051	0.0039	0.0071
170	0.0030	0.0038	0.0019	0.0052
171	0.0006	0.0050	0.0006	0.0051
172	0.0010	0.0065	0.0027	0.0071
173	0.0016	0.0073	0.0010	0.0076
174	0.0019	0.0016	0.0021	0.0033
175	0.0018	0.0038	0.0021	0.0047
176	0.0007	0.0025	0.0020	0.0033
177	0.0023	0.0015	0.0025	0.0037
178	0.0018	0.0034	0.0022	0.0045
179	0.0038	0.0074	0.0024	0.0086
180	0.0004	0.0017	0.0047	0.0050
181	0.0022	0.0037	0.0026	0.0050
182	0.0018	0.0016	0.0027	0.0036
183	0.0033	0.0058	0.0029	0.0073
184	0.0004	0.0017	0.0012	0.0021
185	0.0022	0.0075	0.0012	0.0079
186	0.0039	0.0040	0.0023	0.0060
187	0.0009	0.0024	0.0009	0.0027
188	0.0015	0.0018	0.0001	0.0023
189	0.0046	0.0027	0.0002	0.0053
190	0.0031	0.0034	0.0012	0.0048
191	0.0022	0.0040	0.0037	0.0059
192	0.0006	0.0046	0.0060	0.0076
193	0.0068	0.0034	0.0031	0.0082
194	0.0012	0.0028	0.0035	0.0046
195	0.0013	0.0047	0.0008	0.0050
196	0.0021	0.0074	0.0003	0.0077
197	0.0052	0.0010	0.0023	0.0058
198	0.0009	0.0050	0.0026	0.0057
199	0.0010	0.0025	0.0030	0.0040
200	0.0079	0.0032	0.0012	0.0086
201	0.0929	0.0141	0.0629	0.1131
202	0.0200	0.0037	0.0142	0.0248
203	0.0056	0.0051	0.0026	0.0079
204	0.0037	0.0023	0.0040	0.0059
205	0.0049	0.0035	0.0046	0.0076
206	0.0029	0.0046	0.0014	0.0056
207	0.0029	0.0012	0.0025	0.0040
208	0.0056	0.0020	0.0025	0.0065
209	0.0012	0.0038	0.0033	0.0051
210	0.0005	0.0048	0.0015	0.0051
211	0.0011	0.0054	0.0049	0.0073
212	0.0052	0.0038	0.0041	0.0076
213	0.0006	0.0025	0.0015	0.0030
214	0.0015	0.0030	0.0050	0.0060
215	0.0033	0.0025	0.0037	0.0056
216	0.0012	0.0033	0.0043	0.0055
217	0.0019	0.0020	0.0011	0.0029
218	0.0040	0.0051	0.0018	0.0067
219	0.0002	0.0049	0.0013	0.0051
220	0.0024	0.0006	0.0024	0.0034
221	0.0007	0.0025	0.0013	0.0029
222	0.0012	0.0038	0.0025	0.0047
223	0.0021	0.0030	0.0005	0.0037
224	0.0024	0.0067	0.0030	0.0077
225	0.0024	0.0030	0.0018	0.0042
226	0.0010	0.0026	0.0014	0.0032
227	0.0028	0.0042	0.0015	0.0053
228	0.0033	0.0067	0.0026	0.0079
229	0.0022	0.0031	0.0029	0.0048
230	0.0034	0.0040	0.0068	0.0085
231	0.0019	0.0030	0.0023	0.0042
232	0.0014	0.0056	0.0028	0.0064
233	0.0022	0.0030	0.0007	0.0037
234	0.0022	0.0014	0.0009	0.0027
235	0.0025	0.0017	0.0016	0.0034
236	0.0016	0.0006	0.0018	0.0024
237	0.0029	0.0040	0.0016	0.0052
238	0.0024	0.0040	0.0013	0.0049
239	0.0030	0.0019	0.0010	0.0037
240	0.0001	0.0032	0.0014	0.0035
241	0.0008	0.0023	0.0024	0.0035
242	0.0022	0.0023	0.0043	0.0053
243	0.0020	0.0009	0.0011	0.0025
244	0.0014	0.0032	0.0025	0.0043
245	0.0020	0.0028	0.0020	0.0040
246	0.0018	0.0016	0.0024	0.0034
247	0.0016	0.0009	0.0011	0.0021
248	0.0002	0.0028	0.0014	0.0031
249	0.0015	0.0033	0.0026	0.0045
250	0.0004	0.0016	0.0027	0.0031
251	0.0008	0.0044	0.0003	0.0045
252	0.0017	0.0009	0.0012	0.0023
253	0.0006	0.0027	0.0022	0.0035
254	0.0011	0.0018	0.0015	0.0026
255	0.0023	0.0058	0.0017	0.0065
256	0.0017	0.0026	0.0008	0.0032
257	0.0054	0.0081	0.0022	0.0100
258	0.0051	0.0038	0.0047	0.0079
259	0.0054	0.0017	0.0026	0.0063
260	0.0048	0.0038	0.0024	0.0066
261	0.0034	0.0037	0.0027	0.0057
262	0.0023	0.0063	0.0004	0.0068
263	0.0013	0.0031	0.0014	0.0037
264	0.0005	0.0016	0.0043	0.0046
265	0.0015	0.0013	0.0031	0.0037
266	0.0015	0.0005	0.0017	0.0023
267	0.0007	0.0017	0.0021	0.0028
268	0.0058	0.0052	0.0025	0.0082
269	0.0019	0.0024	0.0013	0.0033
270	0.0020	0.0024	0.0053	0.0061
271	0.0021	0.0020	0.0021	0.0036
272	0.0006	0.0014	0.0020	0.0025
273	0.0014	0.0026	0.0010	0.0031
274	0.0036	0.0029	0.0044	0.0064
275	0.0020	0.0033	0.0027	0.0047
276	0.0010	0.0013	0.0020	0.0026
277	0.0012	0.0028	0.0020	0.0036
278	0.0007	0.0036	0.0028	0.0046
279	0.0013	0.0012	0.0034	0.0038
280	0.0003	0.0011	0.0031	0.0033
281	0.0018	0.0019	0.0014	0.0030
282	0.0013	0.0012	0.0025	0.0030
283	0.0013	0.0035	0.0024	0.0044
284	0.0028	0.0039	0.0006	0.0048
285	0.0018	0.0050	0.0046	0.0071
286	0.0035	0.0036	0.0035	0.0061
287	0.0025	0.0045	0.0044	0.0068
288	0.0023	0.0011	0.0020	0.0032
289	0.0015	0.0032	0.0020	0.0041
290	0.0017	0.0015	0.0023	0.0033
291	0.0006	0.0022	0.0024	0.0033
292	0.0010	0.0006	0.0025	0.0027
293	0.0055	0.0019	0.0041	0.0071
294	0.0083	0.0017	0.0049	0.0098
295	0.0026	0.0011	0.0014	0.0031
296	0.0043	0.0017	0.0025	0.0053
297	0.0029	0.0024	0.0046	0.0060
298	0.0032	0.0033	0.0003	0.0046
299	0.0023	0.0029	0.0038	0.0053
300	0.0046	0.0002	0.0009	0.0047
301	0.0147	0.0039	0.0061	0.0164
302	0.0073	0.0023	0.0091	0.0119
303	0.0094	0.0008	0.0061	0.0112
304	0.0037	0.0014	0.0016	0.0043
305	0.0016	0.0010	0.0031	0.0036
306	0.0025	0.0039	0.0029	0.0054
307	0.0037	0.0031	0.0012	0.0050
308	0.0030	0.0015	0.0018	0.0038
309	0.0075	0.0025	0.0068	0.0104
310	0.0010	0.0019	0.0027	0.0035
311	0.0035	0.0014	0.0031	0.0049
312	0.0014	0.0017	0.0010	0.0024
313	0.0019	0.0043	0.0022	0.0052
314	0.0033	0.0030	0.0027	0.0052
315	0.0021	0.0013	0.0001	0.0025
316	0.0023	0.0039	0.0019	0.0049
317	0.0008	0.0007	0.0019	0.0022
318	0.0017	0.0019	0.0019	0.0031
319	0.0042	0.0023	0.0002	0.0049
320	0.0014	0.0006	0.0014	0.0020
321	0.0020	0.0024	0.0023	0.0039
322	0.0010	0.0020	0.0026	0.0035
323	0.0016	0.0014	0.0020	0.0029
324	0.0015	0.0022	0.0025	0.0037
325	0.0015	0.0005	0.0013	0.0020
326	0.0014	0.0012	0.0007	0.0020
327	0.0021	0.0015	0.0016	0.0030
328	0.0033	0.0016	0.0014	0.0039
329	0.0019	0.0023	0.0005	0.0030
330	0.0017	0.0004	0.0029	0.0033
331	0.0007	0.0026	0.0005	0.0027
332	0.0006	0.0005	0.0024	0.0025
333	0.0017	0.0020	0.0017	0.0031
334	0.0015	0.0010	0.0018	0.0025
335	0.0012	0.0005	0.0019	0.0023
336	0.0014	0.0004	0.0013	0.0020
337	0.0013	0.0006	0.0021	0.0025
338	0.0009	0.0004	0.0012	0.0015
339	0.0013	0.0016	0.0007	0.0021
340	0.0021	0.0017	0.0024	0.0036
341	0.0005	0.0010	0.0008	0.0014
342	0.0016	0.0002	0.0038	0.0041
343	0.0019	0.0020	0.0037	0.0046
344	0.0018	0.0015	0.0011	0.0026
345	0.0031	0.0019	0.0006	0.0037
346	0.0016	0.0018	0.0016	0.0029
347	0.0006	0.0010	0.0006	0.0013
348	0.0009	0.0025	0.0017	0.0031
349	0.0018	0.0011	0.0010	0.0024
350	0.0005	0.0036	0.0006	0.0037
351	0.0004	0.0033	0.0020	0.0039
352	0.0014	0.0015	0.0010	0.0022
353	0.0011	0.0009	0.0017	0.0022
354	0.0007	0.0024	0.0013	0.0028
355	0.0010	0.0018	0.0008	0.0022
356	0.0012	0.0007	0.0025	0.0029
357	0.0010	0.0011	0.0010	0.0018
358	0.0008	0.0013	0.0011	0.0019
359	0.0008	0.0005	0.0019	0.0021
360	0.0017	0.0010	0.0025	0.0032
361	0.0023	0.0013	0.0006	0.0027
362	0.0013	0.0012	0.0005	0.0019
363	0.0017	0.0008	0.0008	0.0020
364	0.0017	0.0008	0.0025	0.0032
365	0.0015	0.0011	0.0028	0.0033
366	0.0009	0.0008	0.0025	0.0028
367	0.0011	0.0009	0.0004	0.0014
368	0.0026	0.0020	0.0034	0.0047
369	0.0008	0.0009	0.0018	0.0021
370	0.0019	0.0022	0.0015	0.0033
371	0.0009	0.0028	0.0009	0.0031
372	0.0020	0.0012	0.0001	0.0024
373	0.0016	0.0026	0.0025	0.0040
374	0.0015	0.0010	0.0015	0.0024
375	0.0023	0.0020	0.0018	0.0035
376	0.0016	0.0017	0.0006	0.0024
377	0.0020	0.0004	0.0017	0.0026
378	0.0020	0.0027	0.0023	0.0041
379	0.0015	0.0010	0.0007	0.0019
380	0.0014	0.0006	0.0002	0.0015
381	0.0006	0.0017	0.0012	0.0021
382	0.0007	0.0023	0.0021	0.0032
383	0.0018	0.0007	0.0012	0.0023
384	0.0010	0.0009	0.0025	0.0028
385	0.0012	0.0002	0.0018	0.0022
386	0.0012	0.0011	0.0008	0.0018
387	0.0010	0.0014	0.0009	0.0019
388	0.0007	0.0002	0.0005	0.0009
389	0.0016	0.0013	0.0016	0.0026
390	0.0023	0.0003	0.0017	0.0029
391	0.0014	0.0007	0.0012	0.0020
392	0.0047	0.0015	0.0030	0.0058
393	0.0042	0.0010	0.0014	0.0045
394	0.0049	0.0012	0.0013	0.0052
395	0.0010	0.0016	0.0018	0.0026
396	0.0027	0.0011	0.0014	0.0032
397	0.0007	0.0027	0.0019	0.0034
398	0.0029	0.0010	0.0016	0.0035
399	0.0008	0.0005	0.0011	0.0015
400	0.0026	0.0015	0.0021	0.0037
401	0.0095	0.0029	0.0050	0.0111
402	0.0423	0.0089	0.0290	0.0521
403	0.0130	0.0026	0.0099	0.0165
404	0.0046	0.0024	0.0023	0.0057
405	0.0029	0.0004	0.0020	0.0036
406	0.0016	0.0012	0.0020	0.0028
407	0.0024	0.0021	0.0017	0.0037
408	0.0024	0.0013	0.0008	0.0028
409	0.0022	0.0016	0.0017	0.0032
410	0.0052	0.0015	0.0029	0.0061
411	0.0017	0.0007	0.0006	0.0020
412	0.0018	0.0014	0.0014	0.0026
413	0.0014	0.0004	0.0020	0.0025
414	0.0006	0.0004	0.0013	0.0015
415	0.0006	0.0013	0.0012	0.0019
416	0.0013	0.0019	0.0011	0.0026
417	0.0007	0.0001	0.0017	0.0018
418	0.0008	0.0013	0.0012	0.0020
419	0.0023	0.0009	0.0010	0.0027
420	0.0019	0.0009	0.0013	0.0025
421	0.0014	0.0015	0.0004	0.0021
422	0.0019	0.0012	0.0013	0.0026
423	0.0006	0.0011	0.0017	0.0021
424	0.0021	0.0002	0.0007	0.0022
425	0.0026	0.0003	0.0014	0.0029
426	0.0011	0.0020	0.0006	0.0024
427	0.0026	0.0014	0.0014	0.0033
428	0.0007	0.0010	0.0033	0.0035
429	0.0028	0.0018	0.0022	0.0040
430	0.0010	0.0023	0.0017	0.0030
431	0.0016	0.0006	0.0006	0.0018
432	0.0010	0.0006	0.0010	0.0015
433	0.0018	0.0013	0.0011	0.0024
434	0.0017	0.0002	0.0013	0.0021
435	0.0022	0.0013	0.0025	0.0035
436	0.0014	0.0010	0.0004	0.0017
437	0.0020	0.0002	0.0012	0.0023
438	0.0008	0.0017	0.0006	0.0020
439	0.0010	0.0004	0.0005	0.0012
440	0.0023	0.0014	0.0026	0.0038
441	0.0017	0.0014	0.0010	0.0024
442	0.0014	0.0008	0.0013	0.0020
443	0.0029	0.0007	0.0009	0.0032
444	0.0010	0.0006	0.0005	0.0013
445	0.0027	0.0007	0.0011	0.0030
446	0.0018	0.0007	0.0011	0.0022
447	0.0018	0.0003	0.0018	0.0026
448	0.0006	0.0028	0.0035	0.0045
449	0.0006	0.0008	0.0012	0.0015
450	0.0007	0.0015	0.0008	0.0019
451	0.0027	0.0010	0.0008	0.0030
452	0.0003	0.0008	0.0018	0.0020
453	0.0013	0.0013	0.0012	0.0022
454	0.0017	0.0011	0.0009	0.0022
455	0.0009	0.0014	0.0032	0.0036
456	0.0017	0.0027	0.0013	0.0035
457	0.0023	0.0017	0.0021	0.0035
458	0.0011	0.0014	0.0005	0.0018
459	0.0026	0.0005	0.0013	0.0029
460	0.0006	0.0024	0.0027	0.0037
461	0.0020	0.0011	0.0009	0.0025
462	0.0022	0.0023	0.0015	0.0035
463	0.0029	0.0013	0.0036	0.0048
464	0.0008	0.0017	0.0020	0.0027
465	0.0015	0.0012	0.0003	0.0019
466	0.0003	0.0021	0.0014	0.0025
467	0.0012	0.0014	0.0009	0.0020
468	0.0006	0.0006	0.0013	0.0015
469	0.0011	0.0008	0.0017	0.0022
470	0.0013	0.0018	0.0011	0.0025
471	0.0014	0.0010	0.0017	0.0024
472	0.0011	0.0009	0.0004	0.0015
473	0.0004	0.0016	0.0015	0.0022
474	0.0011	0.0008	0.0024	0.0028
475	0.0011	0.0005	0.0006	0.0014
476	0.0008	0.0017	0.0023	0.0030
477	0.0013	0.0002	0.0024	0.0027
478	0.0013	0.0015	0.0016	0.0025
479	0.0008	0.0008	0.0030	0.0032
480	0.0012	0.0007	0.0015	0.0020
481	0.0007	0.0016	0.0005	0.0018
482	0.0012	0.0027	0.0005	0.0030
483	0.0011	0.0009	0.0003	0.0014
484	0.0009	0.0010	0.0003	0.0014
485	0.0010	0.0017	0.0017	0.0026
486	0.0012	0.0020	0.0029	0.0038
487	0.0018	0.0020	0.0014	0.0030
488	0.0022	0.0017	0.0006	0.0029
489	0.0004	0.0011	0.0009	0.0015
490	0.0022	0.0009	0.0019	0.0030
491	0.0015	0.0006	0.0005	0.0017
492	0.0015	0.0016	0.0007	0.0023
493	0.0017	0.0011	0.0023	0.0031
494	0.0024	0.0024	0.0026	0.0043
495	0.0019	0.0016	0.0024	0.0034
496	0.0033	0.0006	0.0017	0.0038
497	0.0031	0.0028	0.0019	0.0046
498	0.0009	0.0029	0.0025	0.0040
499	0.0022	0.0028	0.0020	0.0041
500	0.0024	0.0026	0.0021	0.0041
501	0.0042	0.0021	0.0032	0.0057
502	0.0061	0.0017	0.0064	0.0090
503	0.0032	0.0003	0.0047	0.0057
504	0.0037	0.0019	0.0033	0.0053
505	0.0009	0.0011	0.0015	0.0021
506	0.0023	0.0016	0.0015	0.0032
507	0.0016	0.0015	0.0004	0.0022
508	0.0030	0.0012	0.0028	0.0043
509	0.0019	0.0005	0.0011	0.0023
510	0.0047	0.0017	0.0025	0.0056
511	0.0028	0.0008	0.0024	0.0038
512	0.0006	0.0018	0.0013	0.0023
513	0.0013	0.0009	0.0010	0.0019
514	0.0002	0.0013	0.0016	0.0021
515	0.0017	0.0007	0.0006	0.0020
516	0.0011	0.0015	0.0016	0.0025
517	0.0012	0.0006	0.0003	0.0014
518	0.0010	0.0007	0.0010	0.0016
519	0.0012	0.0019	0.0010	0.0025
520	0.0025	0.0018	0.0014	0.0034
521	0.0005	0.0013	0.0011	0.0018
522	0.0013	0.0022	0.0007	0.0027
523	0.0021	0.0005	0.0020	0.0029
524	0.0022	0.0005	0.0006	0.0023
525	0.0008	0.0006	0.0007	0.0012
526	0.0015	0.0016	0.0016	0.0028
527	0.0009	0.0007	0.0007	0.0014
528	0.0009	0.0013	0.0012	0.0020
529	0.0008	0.0005	0.0022	0.0024
530	0.0015	0.0010	0.0012	0.0022
531	0.0008	0.0006	0.0018	0.0021
532	0.0018	0.0019	0.0012	0.0029
533	0.0010	0.0019	0.0010	0.0024
534	0.0015	0.0007	0.0009	0.0019
535	0.0024	0.0008	0.0026	0.0037
536	0.0034	0.0014	0.0016	0.0040
537	0.0007	0.0021	0.0007	0.0023
538	0.0012	0.0010	0.0010	0.0019
539	0.0022	0.0005	0.0008	0.0024
540	0.0008	0.0008	0.0012	0.0017
541	0.0005	0.0008	0.0019	0.0021
542	0.0015	0.0011	0.0015	0.0024
543	0.0032	0.0015	0.0013	0.0038
544	0.0004	0.0016	0.0014	0.0022
545	0.0009	0.0005	0.0023	0.0026
546	0.0008	0.0001	0.0004	0.0009
547	0.0019	0.0022	0.0012	0.0031
548	0.0008	0.0007	0.0006	0.0012
549	0.0007	0.0010	0.0009	0.0015
550	0.0005	0.0010	0.0016	0.0019
551	0.0001	0.0017	0.0010	0.0020
552	0.0008	0.0013	0.0014	0.0020
553	0.0009	0.0007	0.0016	0.0019
554	0.0002	0.0005	0.0019	0.0019
555	0.0003	0.0013	0.0024	0.0027
556	0.0007	0.0004	0.0009	0.0012
557	0.0005	0.0011	0.0000	0.0012
558	0.0011	0.0011	0.0007	0.0017
559	0.0016	0.0012	0.0011	0.0023
560	0.0007	0.0024	0.0010	0.0027
561	0.0008	0.0012	0.0013	0.0019
562	0.0007	0.0010	0.0013	0.0018
563	0.0008	0.0016	0.0014	0.0023
564	0.0010	0.0010	0.0019	0.0024
565	0.0004	0.0012	0.0020	0.0023
566	0.0017	0.0010	0.0013	0.0024
567	0.0014	0.0011	0.0007	0.0020
568	0.0005	0.0007	0.0017	0.0019
569	0.0006	0.0032	0.0020	0.0038
570	0.0013	0.0005	0.0024	0.0027
571	0.0007	0.0014	0.0022	0.0027
572	0.0007	0.0009	0.0014	0.0018
573	0.0016	0.0013	0.0010	0.0023
574	0.0012	0.0019	0.0005	0.0023
575	0.0014	0.0007	0.0009	0.0018
576	0.0012	0.0017	0.0010	0.0023
577	0.0019	0.0011	0.0004	0.0023
578	0.0007	0.0013	0.0013	0.0020
579	0.0005	0.0002	0.0017	0.0018
580	0.0021	0.0003	0.0011	0.0024
581	0.0015	0.0008	0.0017	0.0024
582	0.0006	0.0019	0.0008	0.0021
583	0.0017	0.0010	0.0009	0.0021
584	0.0016	0.0003	0.0017	0.0024
585	0.0015	0.0011	0.0007	0.0019
586	0.0035	0.0031	0.0010	0.0048
587	0.0018	0.0002	0.0020	0.0027
588	0.0014	0.0010	0.0009	0.0019
589	0.0006	0.0006	0.0006	0.0010
590	0.0013	0.0011	0.0009	0.0020
591	0.0004	0.0010	0.0024	0.0026
592	0.0021	0.0005	0.0012	0.0024
593	0.0013	0.0020	0.0029	0.0038
594	0.0029	0.0013	0.0018	0.0037
595	0.0028	0.0021	0.0016	0.0039
596	0.0015	0.0005	0.0021	0.0026
597	0.0025	0.0013	0.0018	0.0033
598	0.0010	0.0008	0.0013	0.0018
599	0.0017	0.0008	0.0016	0.0025
600	0.0036	0.0004	0.0015	0.0040
601	0.0014	0.0010	0.0024	0.0030
602	0.0060	0.0003	0.0026	0.0065
603	0.0176	0.0057	0.0102	0.0211
604	0.0049	0.0014	0.0035	0.0061
605	0.0028	0.0021	0.0002	0.0035
606	0.0034	0.0008	0.0025	0.0043
607	0.0011	0.0009	0.0007	0.0016
608	0.0006	0.0013	0.0003	0.0015
609	0.0015	0.0005	0.0015	0.0022
610	0.0033	0.0014	0.0013	0.0038
611	0.0012	0.0009	0.0031	0.0034
612	0.0021	0.0005	0.0005	0.0022
613	0.0013	0.0004	0.0026	0.0029
614	0.0020	0.0019	0.0011	0.0030
615	0.0020	0.0006	0.0007	0.0022
616	0.0005	0.0014	0.0018	0.0023
617	0.0027	0.0010	0.0007	0.0029
618	0.0022	0.0003	0.0014	0.0026
619	0.0022	0.0014	0.0004	0.0026
620	0.0033	0.0020	0.0017	0.0042
621	0.0008	0.0012	0.0003	0.0015
622	0.0025	0.0009	0.0015	0.0030
623	0.0019	0.0015	0.0027	0.0036
624	0.0008	0.0018	0.0010	0.0022
625	0.0016	0.0007	0.0005	0.0018
626	0.0005	0.0015	0.0005	0.0017
627	0.0019	0.0014	0.0006	0.0024
628	0.0015	0.0003	0.0008	0.0017
629	0.0004	0.0003	0.0014	0.0016
630	0.0006	0.0009	0.0012	0.0016
631	0.0008	0.0019	0.0009	0.0023
632	0.0003	0.0007	0.0019	0.0020
633	0.0006	0.0019	0.0013	0.0024
634	0.0014	0.0020	0.0016	0.0029
635	0.0026	0.0012	0.0005	0.0029
636	0.0010	0.0022	0.0019	0.0031
637	0.0015	0.0010	0.0022	0.0028
638	0.0012	0.0004	0.0006	0.0014
639	0.0025	0.0011	0.0012	0.0030
640	0.0016	0.0016	0.0013	0.0026
641	0.0002	0.0006	0.0017	0.0018
642	0.0015	0.0025	0.0070	0.0076
643	0.0011	0.0022	0.0010	0.0026
644	0.0025	0.0004	0.0006	0.0026
645	0.0015	0.0017	0.0027	0.0036
646	0.0013	0.0015	0.0002	0.0020
647	0.0017	0.0017	0.0030	0.0038
648	0.0005	0.0025	0.0008	0.0026
649	0.0010	0.0018	0.0009	0.0022
650	0.0011	0.0018	0.0002	0.0021
651	0.0021	0.0012	0.0006	0.0025
652	0.0006	0.0006	0.0011	0.0014
653	0.0014	0.0015	0.0018	0.0027
654	0.0018	0.0005	0.0014	0.0023
655	0.0012	0.0010	0.0019	0.0024
656	0.0011	0.0004	0.0014	0.0018
657	0.0006	0.0014	0.0006	0.0017
658	0.0008	0.0004	0.0016	0.0018
659	0.0013	0.0013	0.0028	0.0033
660	0.0023	0.0006	0.0007	0.0025
661	0.0027	0.0005	0.0018	0.0033
662	0.0030	0.0023	0.0008	0.0039
663	0.0007	0.0005	0.0012	0.0015
664	0.0013	0.0020	0.0018	0.0030
665	0.0012	0.0035	0.0006	0.0037
666	0.0010	0.0002	0.0007	0.0013
667	0.0011	0.0009	0.0010	0.0018
668	0.0018	0.0013	0.0015	0.0027
669	0.0022	0.0029	0.0013	0.0039
670	0.0018	0.0022	0.0019	0.0034
671	0.0012	0.0014	0.0010	0.0021
672	0.0012	0.0013	0.0007	0.0018
673	0.0009	0.0017	0.0018	0.0027
674	0.0014	0.0011	0.0013	0.0022
675	0.0025	0.0014	0.0020	0.0035
676	0.0011	0.0022	0.0003	0.0025
677	0.0014	0.0005	0.0018	0.0023
678	0.0008	0.0004	0.0022	0.0024
679	0.0020	0.0019	0.0018	0.0033
680	0.0009	0.0009	0.0016	0.0020
681	0.0017	0.0002	0.0020	0.0026
682	0.0009	0.0007	0.0025	0.0027
683	0.0018	0.0008	0.0016	0.0026
684	0.0009	0.0010	0.0003	0.0014
685	0.0007	0.0021	0.0009	0.0024
686	0.0022	0.0016	0.0006	0.0028
687	0.0018	0.0013	0.0032	0.0039
688	0.0008	0.0009	0.0006	0.0013
689	0.0014	0.0011	0.0006	0.0019
690	0.0003	0.0025	0.0014	0.0029
691	0.0030	0.0003	0.0022	0.0038
692	0.0010	0.0008	0.0012	0.0018
693	0.0006	0.0016	0.0012	0.0021
694	0.0025	0.0011	0.0015	0.0031
695	0.0019	0.0009	0.0024	0.0032
696	0.0018	0.0005	0.0011	0.0022
697	0.0009	0.0013	0.0009	0.0018
698	0.0013	0.0019	0.0008	0.0024
699	0.0016	0.0011	0.0004	0.0020
700	0.0008	0.0005	0.0004	0.0010
701	0.0032	0.0023	0.0012	0.0041
702	0.0022	0.0015	0.0020	0.0033
703	0.0026	0.0016	0.0027	0.0041
704	0.0009	0.0008	0.0011	0.0016
705	0.0025	0.0026	0.0043	0.0056
706	0.0028	0.0006	0.0012	0.0031
707	0.0010	0.0014	0.0025	0.0030
708	0.0010	0.0007	0.0017	0.0021
709	0.0026	0.0010	0.0020	0.0035
710	0.0010	0.0006	0.0008	0.0014
711	0.0024	0.0008	0.0007	0.0027
712	0.0030	0.0021	0.0020	0.0042
713	0.0022	0.0015	0.0015	0.0031
714	0.0006	0.0006	0.0005	0.0010
715	0.0006	0.0009	0.0001	0.0011
716	0.0023	0.0007	0.0002	0.0024
717	0.0020	0.0015	0.0017	0.0030
718	0.0013	0.0010	0.0005	0.0017
719	0.0014	0.0011	0.0008	0.0019
720	0.0009	0.0010	0.0014	0.0020
721	0.0007	0.0007	0.0012	0.0016
722	0.0015	0.0011	0.0005	0.0019
723	0.0017	0.0010	0.0006	0.0021
724	0.0015	0.0019	0.0027	0.0036
725	0.0002	0.0007	0.0002	0.0007
726	0.0002	0.0003	0.0010	0.0011
727	0.0007	0.0009	0.0016	0.0019
728	0.0014	0.0011	0.0016	0.0024
729	0.0012	0.0005	0.0016	0.0020
730	0.0011	0.0009	0.0021	0.0025
731	0.0012	0.0027	0.0005	0.0030
732	0.0005	0.0012	0.0011	0.0017
733	0.0008	0.0019	0.0017	0.0026
734	0.0024	0.0009	0.0004	0.0026
735	0.0006	0.0003	0.0020	0.0021
736	0.0002	0.0003	0.0017	0.0017
737	0.0010	0.0017	0.0012	0.0023
738	0.0003	0.0023	0.0008	0.0024
739	0.0005	0.0005	0.0002	0.0007
740	0.0004	0.0009	0.0016	0.0019
741	0.0008	0.0008	0.0009	0.0014
742	0.0002	0.0021	0.0016	0.0026
743	0.0022	0.0013	0.0010	0.0028
744	0.0008	0.0018	0.0009	0.0021
745	0.0010	0.0007	0.0015	0.0020
746	0.0019	0.0012	0.0019	0.0029
747	0.0012	0.0006	0.0003	0.0014
748	0.0001	0.0013	0.0020	0.0023
749	0.0014	0.0007	0.0009	0.0018
750	0.0017	0.0005	0.0010	0.0020
751	0.0006	0.0012	0.0019	0.0023
752	0.0023	0.0013	0.0017	0.0031
753	0.0002	0.0011	0.0017	0.0020
754	0.0022	0.0011	0.0026	0.0036
755	0.0020	0.0002	0.0018	0.0027
756	0.0021	0.0021	0.0012	0.0032
757	0.0011	0.0015	0.0011	0.0021
758	0.0008	0.0018	0.0012	0.0023
759	0.0010	0.0021	0.0008	0.0025
760	0.0008	0.0007	0.0018	0.0021
761	0.0005	0.0007	0.0006	0.0011
762	0.0020	0.0005	0.0016	0.0026
763	0.0008	0.0010	0.0027	0.0030
764	0.0020	0.0013	0.0026	0.0035
765	0.0017	0.0010	0.0008	0.0021
766	0.0011	0.0004	0.0007	0.0013
767	0.0007	0.0013	0.0021	0.0026
768	0.0015	0.0021	0.0003	0.0026
769	0.0016	0.0005	0.0017	0.0024
770	0.0012	0.0025	0.0020	0.0034
771	0.0009	0.0015	0.0017	0.0025
772	0.0019	0.0022	0.0007	0.0029
773	0.0009	0.0004	0.0001	0.0010
774	0.0021	0.0005	0.0003	0.0021
775	0.0008	0.0004	0.0016	0.0018
776	0.0005	0.0010	0.0008	0.0014
777	0.0003	0.0022	0.0008	0.0023
778	0.0019	0.0006	0.0007	0.0021
779	0.0005	0.0005	0.0016	0.0017
780	0.0012	0.0008	0.0012	0.0018
781	0.0007	0.0005	0.0009	0.0012
782	0.0012	0.0009	0.0023	0.0028
783	0.0014	0.0012	0.0007	0.0020
784	0.0007	0.0023	0.0007	0.0025
785	0.0026	0.0001	0.0006	0.0027
786	0.0015	0.0014	0.0012	0.0024
787	0.0030	0.0004	0.0036	0.0047
788	0.0008	0.0018	0.0005	0.0021
789	0.0013	0.0011	0.0015	0.0023
790	0.0016	0.0006	0.0016	0.0024
791	0.0028	0.0011	0.0020	0.0036
792	0.0018	0.0005	0.0024	0.0030
793	0.0009	0.0007	0.0019	0.0023
794	0.0006	0.0020	0.0008	0.0022
795	0.0017	0.0015	0.0011	0.0026
796	0.0016	0.0013	0.0027	0.0034
797	0.0022	0.0012	0.0019	0.0032
798	0.0028	0.0003	0.0006	0.0028
799	0.0007	0.0012	0.0014	0.0020
800	0.0019	0.0006	0.0002	0.0020
801	0.0011	0.0011	0.0014	0.0021
802	0.0025	0.0003	0.0034	0.0043
803	0.0023	0.0016	0.0030	0.0041
804	0.0085	0.0013	0.0042	0.0096
805	0.0032	0.0018	0.0009	0.0038
806	0.0013	0.0006	0.0010	0.0017
807	0.0015	0.0014	0.0018	0.0028
808	0.0018	0.0013	0.0012	0.0025
809	0.0034	0.0009	0.0005	0.0036
810	0.0014	0.0012	0.0001	0.0018
811	0.0024	0.0017	0.0007	0.0030
812	0.0017	0.0013	0.0000	0.0022
813	0.0031	0.0018	0.0019	0.0041
814	0.0025	0.0004	0.0016	0.0030
815	0.0008	0.0005	0.0012	0.0015
816	0.0017	0.0006	0.0010	0.0020
817	0.0012	0.0006	0.0006	0.0014
818	0.0007	0.0006	0.0015	0.0018
819	0.0006	0.0007	0.0009	0.0013
820	0.0015	0.0011	0.0019	0.0026
821	0.0021	0.0010	0.0019	0.0030
822	0.0008	0.0008	0.0008	0.0014
823	0.0019	0.0024	0.0013	0.0033
824	0.0011	0.0009	0.0009	0.0017
825	0.0005	0.0013	0.0011	0.0018
826	0.0013	0.0006	0.0010	0.0018
827	0.0010	0.0009	0.0002	0.0014
828	0.0026	0.0006	0.0011	0.0028
829	0.0015	0.0005	0.0011	0.0020
830	0.0023	0.0014	0.0011	0.0029
831	0.0006	0.0002	0.0012	0.0014
832	0.0002	0.0004	0.0011	0.0012
833	0.0020	0.0005	0.0014	0.0025
834	0.0003	0.0007	0.0023	0.0024
835	0.0020	0.0006	0.0013	0.0024
836	0.0018	0.0014	0.0014	0.0027
837	0.0008	0.0008	0.0010	0.0015
838	0.0020	0.0014	0.0015	0.0029
839	0.0010	0.0009	0.0012	0.0018
840	0.0007	0.0009	0.0002	0.0011
841	0.0005	0.0020	0.0016	0.0026
842	0.0010	0.0007	0.0019	0.0023
843	0.0011	0.0013	0.0014	0.0022
844	0.0015	0.0018	0.0010	0.0026
845	0.0012	0.0010	0.0010	0.0018
846	0.0013	0.0005	0.0006	0.0015
847	0.0002	0.0015	0.0006	0.0016
848	0.0004	0.0014	0.0003	0.0015
849	0.0009	0.0009	0.0012	0.0018
850	0.0016	0.0008	0.0010	0.0021
851	0.0011	0.0013	0.0004	0.0018
852	0.0008	0.0006	0.0007	0.0012
853	0.0015	0.0006	0.0017	0.0023
854	0.0002	0.0010	0.0003	0.0011
855	0.0025	0.0010	0.0016	0.0031
856	0.0017	0.0006	0.0009	0.0020
857	0.0015	0.0006	0.0009	0.0018
858	0.0013	0.0006	0.0018	0.0023
859	0.0007	0.0012	0.0002	0.0014
860	0.0015	0.0020	0.0005	0.0025
861	0.0016	0.0009	0.0004	0.0019
862	0.0018	0.0017	0.0008	0.0026
863	0.0011	0.0009	0.0008	0.0016
864	0.0012	0.0004	0.0009	0.0015
865	0.0003	0.0004	0.0008	0.0009
866	0.0013	0.0015	0.0011	0.0022
867	0.0004	0.0010	0.0009	0.0014
868	0.0008	0.0005	0.0010	0.0014
869	0.0007	0.0003	0.0022	0.0023
870	0.0016	0.0019	0.0024	0.0035
871	0.0017	0.0011	0.0025	0.0032
872	0.0018	0.0010	0.0002	0.0021
873	0.0006	0.0005	0.0004	0.0008
874	0.0008	0.0022	0.0003	0.0023
875	0.0011	0.0017	0.0004	0.0021
876	0.0017	0.0017	0.0027	0.0037
877	0.0007	0.0019	0.0012	0.0024
878	0.0009	0.0002	0.0018	0.0020
879	0.0011	0.0007	0.0001	0.0013
880	0.0019	0.0010	0.0012	0.0025
881	0.0012	0.0003	0.0015	0.0020
882	0.0007	0.0009	0.0012	0.0017
883	0.0021	0.0007	0.0009	0.0024
884	0.0021	0.0002	0.0008	0.0023
885	0.0035	0.0005	0.0011	0.0037
886	0.0014	0.0012	0.0008	0.0020
887	0.0006	0.0008	0.0007	0.0013
888	0.0004	0.0017	0.0022	0.0028
889	0.0016	0.0015	0.0011	0.0025
890	0.0012	0.0013	0.0016	0.0024
891	0.0007	0.0004	0.0007	0.0011
892	0.0005	0.0009	0.0006	0.0012
893	0.0006	0.0011	0.0005	0.0014
894	0.0025	0.0011	0.0010	0.0030
895	0.0019	0.0012	0.0007	0.0024
896	0.0025	0.0012	0.0006	0.0029
897	0.0030	0.0013	0.0008	0.0033
898	0.0024	0.0010	0.0005	0.0026
899	0.0010	0.0002	0.0016	0.0019
900	0.0011	0.0009	0.0009	0.0017
901	0.0019	0.0003	0.0007	0.0021
902	0.0011	0.0003	0.0008	0.0014
903	0.0003	0.0013	0.0015	0.0020
904	0.0014	0.0017	0.0019	0.0029
905	0.0021	0.0014	0.0018	0.0031
906	0.0021	0.0006	0.0015	0.0027
907	0.0008	0.0013	0.0009	0.0017
908	0.0014	0.0009	0.0007	0.0018
909	0.0015	0.0012	0.0010	0.0022
910	0.0006	0.0019	0.0028	0.0035
911	0.0009	0.0002	0.0008	0.0012
912	0.0011	0.0003	0.0002	0.0012
913	0.0034	0.0014	0.0021	0.0042
914	0.0010	0.0012	0.0017	0.0023
915	0.0008	0.0014	0.0011	0.0020
916	0.0008	0.0011	0.0009	0.0017
917	0.0020	0.0011	0.0007	0.0024
918	0.0003	0.0012	0.0011	0.0017
919	0.0019	0.0009	0.0014	0.0025
920	0.0014	0.0015	0.0010	0.0023
921	0.0025	0.0007	0.0009	0.0028
922	0.0007	0.0007	0.0023	0.0025
923	0.0020	0.0016	0.0025	0.0035
924	0.0016	0.0011	0.0021	0.0029
925	0.0017	0.0010	0.0029	0.0036
926	0.0011	0.0011	0.0017	0.0022
927	0.0014	0.0011	0.0013	0.0022
928	0.0010	0.0027	0.0007	0.0030
929	0.0001	0.0011	0.0009	0.0014
930	0.0005	0.0011	0.0008	0.0014
931	0.0006	0.0008	0.0014	0.0017
932	0.0017	0.0009	0.0012	0.0023
933	0.0009	0.0005	0.0007	0.0013
934	0.0014	0.0012	0.0002	0.0019
935	0.0014	0.0012	0.0009	0.0021
936	0.0011	0.0003	0.0008	0.0014
937	0.0008	0.0006	0.0013	0.0016
938	0.0015	0.0006	0.0013	0.0021
939	0.0010	0.0018	0.0008	0.0022
940	0.0009	0.0010	0.0013	0.0019
941	0.0009	0.0015	0.0010	0.0020
942	0.0003	0.0010	0.0028	0.0030
943	0.0011	0.0007	0.0015	0.0020
944	0.0021	0.0013	0.0023	0.0034
945	0.0013	0.0008	0.0011	0.0019
946	0.0007	0.0006	0.0014	0.0017
947	0.0011	0.0003	0.0016	0.0019
948	0.0018	0.0017	0.0009	0.0026
949	0.0010	0.0002	0.0002	0.0011
950	0.0009	0.0003	0.0015	0.0018
951	0.0022	0.0010	0.0009	0.0026
952	0.0004	0.0012	0.0020	0.0024
953	0.0003	0.0016	0.0007	0.0018
954	0.0010	0.0008	0.0010	0.0016
955	0.0017	0.0012	0.0013	0.0024
956	0.0001	0.0011	0.0017	0.0021
957	0.0007	0.0004	0.0005	0.0009
958	0.0010	0.0009	0.0025	0.0028
959	0.0029	0.0017	0.0018	0.0038
960	0.0009	0.0007	0.0015	0.0019
961	0.0007	0.0021	0.0007	0.0024
962	0.0012	0.0019	0.0013	0.0026
963	0.0012	0.0007	0.0013	0.0019
964	0.0004	0.0015	0.0012	0.0019
965	0.0011	0.0011	0.0008	0.0018
966	0.0023	0.0006	0.0006	0.0024
967	0.0013	0.0004	0.0009	0.0016
968	0.0009	0.0010	0.0014	0.0019
969	0.0016	0.0012	0.0009	0.0022
970	0.0001	0.0008	0.0011	0.0014
971	0.0017	0.0008	0.0022	0.0029
972	0.0014	0.0006	0.0001	0.0015
973	0.0020	0.0012	0.0016	0.0028
974	0.0018	0.0023	0.0014	0.0032
975	0.0007	0.0015	0.0015	0.0022
976	0.0008	0.0010	0.0006	0.0014
977	0.0010	0.0018	0.0015	0.0026
978	0.0004	0.0007	0.0005	0.0010
979	0.0009	0.0015	0.0018	0.0025
980	0.0003	0.0015	0.0008	0.0018
981	0.0009	0.0009	0.0017	0.0021
982	0.0010	0.0007	0.0017	0.0021
983	0.0012	0.0009	0.0013	0.0020
984	0.0016	0.0005	0.0023	0.0028
985	0.0018	0.0013	0.0011	0.0025
986	0.0003	0.0006	0.0018	0.0019
987	0.0030	0.0012	0.0030	0.0044
988	0.0039	0.0013	0.0021	0.0046
989	0.0006	0.0004	0.0018	0.0019
990	0.0005	0.0012	0.0014	0.0019
991	0.0004	0.0005	0.0028	0.0029
992	0.0012	0.0006	0.0009	0.0016
993	0.0014	0.0001	0.0010	0.0018
994	0.0021	0.0010	0.0005	0.0023
995	0.0010	0.0010	0.0023	0.0027
996	0.0027	0.0010	0.0012	0.0031
997	0.0023	0.0064	0.0068	0.0096
998	0.0015	0.0019	0.0034	0.0041
999	0.0017	0.0012	0.0002	0.0021
1000	0.0007	0.0012	0.0002	0.0014
